年月	平均気温(℃)	降水量の合計(mm)	平均湿度(％)	日照時間(時間)	日最高気温の平均(℃)	日最低気温の平均(℃)
1876-01-01	1.6	114.8	78		6.6	-2.8
1876-02-01	3.4	115.9	73		8.2	-1.4
1876-03-01	8.1	141.1	72		13.6	2.2
1876-04-01	12.2	121.6	76		17.5	6.5
1876-05-01	17	152.5	79		21.7	11.7
1876-06-01	18.5	276	85		22.8	13.7
1876-07-01	24.3	150	87		28.6	19.4
1876-08-01	26.6	65.2	80		31.6	21
1876-09-01	22.6	357.9	86		26.8	18.4
1876-10-01	14.8	157.4	81		20.4	9.3
1876-11-01	9.1	38	72		15.8	2.8
1876-12-01	4.8	65.1	72		11	-0.7
1877-01-01	3.2	46.5	68		8.8	-2.1
1877-02-01	3.6	59.2	68		8.8	-1.7
1877-03-01	6.2	124.7	72		11.3	0.3
1877-04-01	13.6	26.7	73		19.1	7.1
1877-05-01	16.5	118.1	82		21.5	11.1
1877-06-01	22	113.8	81		26	17.3
1877-07-01	26.5	83.3	80		31	21.5
1877-08-01	25.9	52.1	80		30.5	21.1
1877-09-01	21.3	273.9	84		25.8	16.5
1877-10-01	15.9	204.5	78		21.3	9.8
1877-11-01	9.6	69	76		14.4	4.4
1877-12-01	5.8	145.5	78		10.2	1.8
1878-01-01	2.3	94.5	74		7.2	-1.6
1878-02-01	2.5	93	73		7.1	-1.8
1878-03-01	7.2	60.2	64		12.9	1.7
1878-04-01	11.5	84.8	80		16.2	7.1
1878-05-01	18.3	188	78		22.7	13.2
1878-06-01	20	205.1	83		24.1	15.8
1878-07-01	26	85.4	81		29.8	22.3
1878-08-01	24.6	152	85		28.5	21.2
1878-09-01	22.8	460.9	88		26.3	19.4
1878-10-01	15.8	132.7	84		20.2	11.6
1878-11-01	9.7	198.6	83		14.1	5.9
1878-12-01	5.1	9	71		10.9	0
1879-01-01	3.2	76.3	70		9	-1.4
1879-02-01	5.4	109.6	72		10.9	0.5
1879-03-01	8	99.8	73		13	2.9
1879-04-01	12.6	141.2	77		17.1	7
1879-05-01	18	191.3	83		21.9	14.1
1879-06-01	21.4	206.9	85		25.2	18
1879-07-01	26.1	80	78		30.4	22.3
1879-08-01	26.6	73.3	80		31.1	22.5
1879-09-01	21.3	158	82		25.4	17.2
1879-10-01	15	208.3	80		19.4	10.8
1879-11-01	9.7	48.9	74		15.7	3.9
1879-12-01	8	99.1	73		14	2.5
1880-01-01	2.6	20.2	63		8.8	-2.4
1880-02-01	5.8	163.2	74		10.1	1.6
1880-03-01	8.4	186.5	73		13.8	2.7
1880-04-01	12.3	153.8	76		16.7	7
1880-05-01	17.7	170.7	78		22.6	11.9
1880-06-01	19.8	181.5	83		23.9	15.7
1880-07-01	24.2	253.5	85		28	20.8
1880-08-01	25.5	181.4	83		29.5	21.4
1880-09-01	22.5	91.5	81		27	18
1880-10-01	16.6	222.9	81		21.6	12.1
1880-11-01	10.2	60.3	77		16.8	3.3
1880-12-01	3.9	0.2	62		11.1	-2.9
1881-01-01	2.1	44.2	62		8.9	-4.1
1881-02-01	3.7	60.6	69		9.4	-2.1
1881-03-01	5.3	166.8	76		10.5	-0.6
1881-04-01	11.6	112.8	78		16.9	4.6
1881-05-01	17.2	51.4	81		22.5	11.4
1881-06-01	21.3	205.9	83		25.6	17.3
1881-07-01	24	52.2	84		27.9	20.2
1881-08-01	26.7	99.7	82		31.1	22.7
1881-09-01	22.7	266.6	85		26.2	18.7
1881-10-01	15.7	86.4	82		20.7	10.6
1881-11-01	11	202.9	80		16.6	4.6
1881-12-01	4.3	94.9	74		9.6	-1.1
1882-01-01	4.6	46	70		10.2	-1.3
1882-02-01	5.2	75.9	64		9.6	0
1882-03-01	6.9	41	70		12.5	-0.2
1882-04-01	13.7	97.9	85		18.4	7.1
1882-05-01	16.8	187.9	80		21.9	10.8
1882-06-01	20.4	191.8	84		24	16.6
1882-07-01	24.2	96.8	82		28.2	20.7
1882-08-01	24.7	108.4	83		28.5	21.2
1882-09-01	21.1	223	84		24.8	17.7
1882-10-01	15.4	300.1	81		20	11.2
1882-11-01	9.6	99.4	76		14.8	4.9
1882-12-01	5	10.1	67		10.8	-0.8
1883-01-01	3.1	72	65		8.6	-1.9
1883-02-01	1.9	204.9	72		5.8	-1.6
1883-03-01	5.3	163.5	72		10.2	0.6
1883-04-01	12	135.4	73		16.6	7.3
1883-05-01	15.5	111.9	76		19.9	10.8
1883-06-01	19.8	90.8	82		23.6	16
1883-07-01	23.7	199	85		27.2	20.5
1883-08-01	25.1	92.4	80		29.3	21
1883-09-01	21.8	147.9	84		25.6	18.1
1883-10-01	16.7	265.6	85		20.5	13.2
1883-11-01	10	37.6	75		15.4	5.5
1883-12-01	5	31.6	68		11.1	-0.3
1884-01-01	2.6	31.6	67		8.4	-2.4
1884-02-01	2.7	92.3	68		8.1	-2.2
1884-03-01	6.1	151.6	71		10.7	1.6
1884-04-01	11.6	147.9	78		16.2	6.7
1884-05-01	15.5	134.9	79		20.2	10.5
1884-06-01	19.8	181.6	85		23.6	16.3
1884-07-01	23.4	102.9	88		27	20.4
1884-08-01	24.1	90.5	82		28.1	20.4
1884-09-01	22.3	193.2	81		26.5	19
1884-10-01	15.8	78.6	76		20.6	11.6
1884-11-01	7.6	84.5	72		12.9	2.6
1884-12-01	3.4	25.2	70		9.5	-1.9
1885-01-01	0.6	47.1	69		5.7	-4
1885-02-01	2.2	27	67		7.2	-2.4
1885-03-01	4.9	75.5	65		10	-0.1
1885-04-01	10.7	151.7	83		14.8	6.7
1885-05-01	15.2	77.2	77		19.3	10.6
1885-06-01	20.3	331	87		23.4	17.4
1885-07-01	23.1	182.6	84		26.6	19.9
1885-08-01	25.4	103.2	82		29	22
1885-09-01	22.1	72	80		26	18.7
1885-10-01	16.1	291.9	81		20.5	12.4
1885-11-01	10.7	116.1	76		15.6	6.2
1885-12-01	5.7	56.4	72		11.3	1.3
1886-01-01	2.4	37	63		8.2	-2
1886-02-01	2	27.1	64		7.3	-2.6
1886-03-01	6.9	77.7	70		12	2.1
1886-04-01	12.3	105.6	75		16.9	8.5
1886-05-01	16.4	164.1	80		20.3	12.6
1886-06-01	20.9	80.5	79		25.1	17.1
1886-07-01	25	48.5	78		29.3	21.5
1886-08-01	26.5	87.1	77		31.2	22.5
1886-09-01	23.2	254.6	84		26.9	20.6
1886-10-01	16.6	190.7	82		21	13
1886-11-01	10.2	192.1	79		15.6	6
1886-12-01	4.7	25.3	67		11	-0.7
1887-01-01	2.7	111.9	71		6.2	-0.9
1887-02-01	4.3	1.5	62		9.8	-0.1
1887-03-01	6.9	140.5	63		12.8	1.4
1887-04-01	12.2	79.8	75		17.3	7.6
1887-05-01	15.2	147.4	82		19.2	11.2
1887-06-01	20.3	216.2	84		24.1	17.1
1887-07-01	23.6	91.2	86		27.4	20.6
1887-08-01	25.3	91.6	85		29.3	22.2
1887-09-01	21	100.4	81		25.4	17.7
1887-10-01	16.6	223.5	84		21.4	12.6
1887-11-01	11.6	31.2	74		17.5	7
1887-12-01	5.7	14.8	62		12.7	0
1888-01-01	3.3	2.5	59		9.8	-2.2
1888-02-01	2.2	31.3	63		7.3	-2.1
1888-03-01	7.2	69.1	65		13.1	1.5
1888-04-01	12.4	104.2	77		17.5	8.1
1888-05-01	16	144.4	77		20.4	11.7
1888-06-01	18.6	174	80		22.8	14.6
1888-07-01	24.5	135.9	85		28.3	21.7
1888-08-01	25.6	81	83		29.7	22.2
1888-09-01	20.9	184.5	84		25.1	17.5
1888-10-01	15	211.7	81		20	10.9
1888-11-01	11.4	188	78		16.4	7.5
1888-12-01	5.2	51.9	66		11	0.5
1889-01-01	2.1	22.4	64		7.5	-2.1
1889-02-01	3.1	45.9	60		8.4	-1.6
1889-03-01	6.9	63.4	69		12.2	2.1
1889-04-01	12	156	73		16.3	8.2
1889-05-01	15.7	195.3	74		20.3	11.3
1889-06-01	20.9	68.5	82		25	17.3
1889-07-01	23.4	259.9	87		26.9	20.6
1889-08-01	25.8	96.2	83		30	22.3
1889-09-01	20.3	187.3	84		24.1	17.3
1889-10-01	14.6	109.7	77		19.6	10.8
1889-11-01	9.7	47.5	71		14.8	5.4
1889-12-01	4.9	67.2	67		10.6	0.5
1890-01-01	3.4	61.7	65		8.6	-1.1
1890-02-01	6.1	87.6	69		11.1	1.4
1890-03-01	9.2	206.9	74	126.9	13.2	5.2
1890-04-01	14.2	129.6	75	131.4	18.7	9.7
1890-05-01	16.1	288.3	80	109.9	19.9	12.1
1890-06-01	22	116.6	81	176.2	26	18.4
1890-07-01	23.5	105.3	85	172.7	27.3	20
1890-08-01	25.4	336	86	155.7	29	22.8
1890-09-01	24.2	101.9	82	191.5	28.3	20.8
1890-10-01	16	303.2	80	137.2	20.3	12.3
1890-11-01	10.8	173.3	74	179.1	16.2	6.2
1890-12-01	9.3	47.8	73	158.3	14.7	4.6
1891-01-01	2.4	30.5	56	233.9	8.8	-2.6
1891-02-01	3.8	66.9	60	173.6	8.6	-0.4
1891-03-01	8.9	179.9	72	154.4	13.7	4.2
1891-04-01	12	106.4	73	157.5	16.6	7.5
1891-05-01	18.2	52	74	270.2	23.4	12.8
1891-06-01	20.3	193.9	80	138.8	24.2	16.7
1891-07-01	24.9	81.7	83	135.7	28.7	21.7
1891-08-01	25.5	45.5	80	217.7	29.6	22
1891-09-01	24.3	247.7	82	165.2	28.4	20.9
1891-10-01	16.5	20	71	192.1	21.8	11.7
1891-11-01	10.4	138.8	71	179.3	16	5.5
1891-12-01	5.6	57.5	66	179.6	11.9	0.3
1892-01-01	3.7	13.6	62	170.6	9	-0.6
1892-02-01	4.1	127	62	177.6	9	-0.4
1892-03-01	5.1	141.7	61	167.7	9.9	0.8
1892-04-01	13.1	112.5	73	183.1	17.9	8.1
1892-05-01	16.6	347.5	78	174.7	21.1	12.1
1892-06-01	21.1	285.9	85	83.9	24.1	18.4
1892-07-01	25.7	109.1	82	197.2	29.7	22.4
1892-08-01	26.4	20.9	79	231.9	31.1	22.5
1892-09-01	23	288.9	84	157.9	26.8	19.8
1892-10-01	16.5	136.6	81	93.6	20.3	13.2
1892-11-01	9.9	126.2	71	165.7	15	5.5
1892-12-01	3.3	5.2	58	178.2	9.3	-1.8
1893-01-01	2.6	50.9	62	171.4	8.5	-2.5
1893-02-01	2.2	49.8	55	159	6.9	-1.7
1893-03-01	6.2	26	59	206.3	11.8	0.9
1893-04-01	13.3	204.1	72	206.1	18.2	8.5
1893-05-01	15.8	267.9	76	180	20.1	11.3
1893-06-01	20.5	95.5	78	179.1	24.6	16.8
1893-07-01	25.3	54.9	77	267	30.2	21.1
1893-08-01	26.2	95.3	80	213.2	30.6	22.7
1893-09-01	22.5	90.8	81	151.9	26.9	18.7
1893-10-01	15.9	147.8	83	133	20.3	12.1
1893-11-01	10.1	76.6	71	195	15.8	5
1893-12-01	4.7	1.7	60	234.1	11.1	-0.5
1894-01-01	3	42.5	60	167.7	8.2	-1.3
1894-02-01	3.7	31.1	54	212.1	9.3	-1.3
1894-03-01	8.4	112.4	71	152.2	13	4
1894-04-01	13.8	178.3	75	159.4	18.6	9.5
1894-05-01	16.3	84.3	74	214.1	20.9	11.3
1894-06-01	23.6	57.5	78	256.1	28.1	19.7
1894-07-01	26.8	61.6	78	270.4	31.6	23
1894-08-01	27	199.5	81	243.4	31.5	23.4
1894-09-01	21.9	144.9	84	125.7	25.5	19.1
1894-10-01	15.4	192.7	82	131.4	19.5	12.2
1894-11-01	11.6	98.4	77	184.8	17.2	7
1894-12-01	5.8	117.6	62	218.5	11.7	0.7
1895-01-01	2.1	43.5	63	205.5	7.7	-2.5
1895-02-01	4	88.1	58	235	9.4	-1.1
1895-03-01	6.9	69.1	75	163.8	11.8	2.4
1895-04-01	12.9	92.4	71	232.1	18.2	7.6
1895-05-01	17.5	58.8	76	222.9	22.2	12.7
1895-06-01	20.4	177.6	79	203.8	24.5	16.6
1895-07-01	22.1	299.8	75	122.3	25.7	19.4
1895-08-01	25.5	129.3	86	193.8	29.7	22.8
1895-09-01	22.9	83.6	82	169.2	27.1	19.7
1895-10-01	16.5	157.6	79	147.4	20.9	13.2
1895-11-01	9.9	123.9	73	166.5	15.2	5.5
1895-12-01	5.4	74.1	65	206.7	11.4	0.9
1896-01-01	3.3	35.9	58	232	9.3	-1.7
1896-02-01	3.5	105.5	65	177.8	8.5	-0.4
1896-03-01	6	64.6	66	181.3	10.9	1.5
1896-04-01	13.7	127.3	78	184.2	18.2	9.4
1896-05-01	16.6	130.5	79	171.7	20.8	12.6
1896-06-01	21.6	74.4	82	167.2	25.7	18.1
1896-07-01	24.1	67.1	83	175.8	28.1	21
1896-08-01	25.9	152.7	81	222.5	30.4	22.5
1896-09-01	22.3	208.4	83	167	26.2	19.2
1896-10-01	15.8	171.7	79	137.7	20	12.5
1896-11-01	10.7	195.8	72	199	16.1	6.1
1896-12-01	4.8	40	66	197.6	10.2	0.3
1897-01-01	3.7	88.1	67	162.6	8.1	-0.3
1897-02-01	3.5	47	60	166.1	8.4	-1
1897-03-01	5.7	81.3	65	153.8	10.1	1.7
1897-04-01	11.3	160.9	73	174.7	15.7	6.8
1897-05-01	17.3	120.4	76	224.9	21.9	12.8
1897-06-01	18.8	145.4	81	157.7	22.9	15.4
1897-07-01	22.9	141.7	87	156.7	26.5	19.9
1897-08-01	25	75.6	85	165.8	29.2	21.7
1897-09-01	20.9	398.5	86	122.6	24.7	17.6
1897-10-01	15.2	131.7	76	183.1	20.2	11.2
1897-11-01	10.1	106.4	77	165.7	15.1	5.8
1897-12-01	3.7	0.2	63	212.7	10	-1.5
1898-01-01	3.6	126.9	68	141.7	7.9	0
1898-02-01	4.4	97.1	64	194.6	9.3	0.1
1898-03-01	5.5	47.1	67	117.6	10.1	1.8
1898-04-01	11.2	191.5	75	175.3	16	6.8
1898-05-01	16.7	115.2	75	209.3	21.3	12
1898-06-01	19.2	254.8	83	144.1	23.2	15.8
1898-07-01	25.9	44	78	304.5	30.3	21.8
1898-08-01	26.1	219.8	84	211.9	30.6	22.7
1898-09-01	21.6	249.1	84	157.7	25.6	18.4
1898-10-01	16	79.5	82	154.3	20.6	12.2
1898-11-01	10.9	158.4	81	143.4	15.7	7.1
1898-12-01	6.4	128.5	71	186.3	11.3	2.6
1899-01-01	3.2	30.1	62	224.1	8.9	-1.3
1899-02-01	4.2	87.9	65	176	9.2	0.2
1899-03-01	8.5	182.6	69	217.4	13.6	3.8
1899-04-01	12.8	105.5	75	189.7	17.8	8.4
1899-05-01	17.9	124.4	77	220.7	22.7	13.4
1899-06-01	21.5	124.5	83	162.6	25.8	18
1899-07-01	23.2	274.7	87	131.9	26.9	20.2
1899-08-01	26.1	60.8	81	235.4	30.2	22.8
1899-09-01	19.8	196.2	86	106.5	23.5	16.9
1899-10-01	14.3	354.5	77	184.3	19.7	10.4
1899-11-01	8.9	16.3	69	201.8	14.6	4
1899-12-01	5.5	91.6	71	173.3	10.3	1.1
1900-01-01	1.6	69.2	66	160.1	6	-2.1
1900-02-01	3.1	31.3	62	174.9	8.2	-1
1900-03-01	5.7	69.3	70	171.5	10.8	1.1
1900-04-01	11.4	168.6	80	135.3	15.7	7.5
1900-05-01	17.3	127.3	77	219	22.3	12.7
1900-06-01	19.3	89.4	78	223.6	24	15.2
1900-07-01	22.8	122.1	85	137.5	26.5	19.7
1900-08-01	26.1	66.3	81	272	30.5	22.6
1900-09-01	22.6	173.9	83	165.7	26.9	19.3
1900-10-01	16.5	113.6	79	165.2	21.6	12.6
1900-11-01	11	131.9	79	148.4	16.3	6.7
1900-12-01	5.5	25.1	66	209.2	11.5	0.9
1901-01-01	4.1	74.4	70	163.4	9	0.2
1901-02-01	3.7	30.2	59	208.8	9.5	-1.3
1901-03-01	7.3	131.2	62	230.1	12.9	2.1
1901-04-01	13.4	132.6	76	192.6	18.1	8.9
1901-05-01	16.1	149.3	78	191.4	20.8	12
1901-06-01	20.6	172.1	82	145.7	24.6	17.4
1901-07-01	22.1	229	88	122.5	26	19.3
1901-08-01	25.1	53.8	82	230.4	29.9	21.6
1901-09-01	22.3	130.8	80	169.5	26.7	18.9
1901-10-01	16.8	311.1	83	128.6	21.2	13.2
1901-11-01	10.2	63.6	74	191.8	15.7	5.5
1901-12-01	4.5	110.8	65	215.1	10.7	-0.5
1902-01-01	2.4	33.4	59	241.7	8.6	-2.4
1902-02-01	3.8	20.9	61	201	9.1	-1.2
1902-03-01	8.4	92.4	71	184.4	13.5	3.6
1902-04-01	11.6	140.3	68	194.2	16.9	6.4
1902-05-01	16.3	222.7	78	181.7	20.7	12
1902-06-01	19.8	204.7	82	181.4	24.1	16.3
1902-07-01	21.8	159.6	87	130.6	25.6	18.8
1902-08-01	22.9	310.3	87	123.1	26.2	20.2
1902-09-01	22.6	244.2	85	126.9	26.4	19.6
1902-10-01	16.6	104.7	79	154.8	21.3	12.7
1902-11-01	11.5	105.1	78	160.1	16.3	7.7
1902-12-01	7.1	115.4	71	154.5	11.4	3.7
1903-01-01	4.6	122.4	72	156.9	9	0.9
1903-02-01	4.1	80	65	176.6	8.9	-0.2
1903-03-01	7.7	165.9	74	146.4	12.1	4.2
1903-04-01	12.7	155.5	78	145.1	17.2	8.7
1903-05-01	15.9	159	75	184.7	20.6	11.7
1903-06-01	19.7	145.4	78	192.1	24.2	15.8
1903-07-01	23.2	286.8	86	154.3	26.9	20.3
1903-08-01	25.7	22.6	80	259.3	31	21.6
1903-09-01	22.3	284.4	84	127.5	26.6	18.9
1903-10-01	15.2	294.7	84	119.6	18.9	12
1903-11-01	9.1	130	87	163.3	14	4.7
1903-12-01	4.1	65.5	66	207.9	9.2	-0.2
1904-01-01	1.9	7	59	200.7	7.1	-2.3
1904-02-01	4.3	67.7	72	156.7	9	0.2
1904-03-01	6.1	101.5	71	144.2	10.2	2.6
1904-04-01	13.2	97.3	78	151.5	17.6	9.3
1904-05-01	15.7	142.4	78	159.2	19.8	11.9
1904-06-01	21.8	91.6	83	196.4	25.9	18.4
1904-07-01	24.8	239.4	84	211.2	28.7	21.7
1904-08-01	25.1	74.7	78	269	29.9	21.2
1904-09-01	21.2	200.5	81	176.2	25.3	17.6
1904-10-01	16.4	248.8	81	126.4	20.3	13.2
1904-11-01	9.1	14.5	70	217.3	15.1	3.8
1904-12-01	5.3	96.4	70	185.4	10.3	0.7
1905-01-01	4.3	59.8	69	178.8	9.2	0.1
1905-02-01	2.7	47.6	56	207.8	7.7	-1.6
1905-03-01	5.6	97.9	70	184.9	10.4	1.2
1905-04-01	10.9	152.2	74	151.8	15.6	6.6
1905-05-01	16.9	131	77	177.2	21.1	12.8
1905-06-01	20.8	237.4	87	89.9	24.1	17.9
1905-07-01	23.3	94.2	84	154.9	27.3	20.2
1905-08-01	22.2	202.5	85	113.9	25.7	19.4
1905-09-01	21.9	83.5	82	167.2	25.9	18.5
1905-10-01	16.2	70.5	79	159.2	20.3	12.6
1905-11-01	10.3	66.8	75	170.1	14.9	6
1905-12-01	6.8	86.7	76	133.7	11.2	2.9
1906-01-01	2.2	62.5	58	216.8	7.1	-2.1
1906-02-01	2.6	166.7	67	147.2	6.2	-0.5
1906-03-01	7.3	61.5	64	205	12.1	2.7
1906-04-01	12.9	43.5	70	211.5	17.9	7.9
1906-05-01	16.3	80.6	73	231.9	21	11.9
1906-06-01	18.4	165.3	80	127.8	22.1	15.2
1906-07-01	23.5	154.9	86	133.8	27	20.9
1906-08-01	24.5	253.5	82	179	28.5	21.1
1906-09-01	19.7	226.4	84	84.2	23.2	16.7
1906-10-01	15.1	220.5	79	146.4	19.3	11.5
1906-11-01	9.3	61.7	70	153.4	14.1	5
1906-12-01	5.9	22.4	64	191.9	12	0.8
1907-01-01	4	47.1	69	136.4	8.4	0
1907-02-01	2.9	4.4	57	192.6	8	-1.8
1907-03-01	5.6	144.1	67	152	10.6	1
1907-04-01	12.4	143.8	70	189.4	17.3	7.6
1907-05-01	17.1	168.1	74	236	21.9	12.5
1907-06-01	19.2	169.8	80	154.9	22.9	15.8
1907-07-01	22.7	102.9	84	187.7	26.6	19.6
1907-08-01	25.8	219	84	196.4	29.6	23
1907-09-01	21.3	265.9	83	159.9	24.7	18.4
1907-10-01	15.2	226.2	76	202.4	20.1	11.2
1907-11-01	11.2	127.6	79	124.9	15.3	7.8
1907-12-01	4.5	21.5	59	207.1	9.9	-0.3
1908-01-01	3.2	28.3	61	194.7	8.3	-1.2
1908-02-01	3.4	35.6	57	187.9	8.6	-1
1908-03-01	6.2	137	68	150.9	10.7	2
1908-04-01	12.3	185.3	76	173.1	16.9	7.7
1908-05-01	16.1	147.8	77	217.6	20.7	11.8
1908-06-01	20.9	219	82	168.8	24.9	17.6
1908-07-01	22.1	152.8	83	146.1	25.9	19.1
1908-08-01	25.4	223.6	84	227	29.5	22.3
1908-09-01	19.4	370.6	82	118.8	23.2	16.5
1908-10-01	16.1	116.5	77	153.8	20.6	12.4
1908-11-01	9.1	14.8	66	218.1	14.8	3.9
1908-12-01	4.6	60.8	64	195.9	10.2	0
1909-01-01	2.1	103.9	68	148.2	6.1	-1.4
1909-02-01	3.1	32	57	194.5	8.7	-1.6
1909-03-01	6.3	196.6	73	136.9	10.3	2.8
1909-04-01	13.6	140.3	73	215.5	18.9	8.4
1909-05-01	16.9	178.1	76	208.3	21.5	12.3
1909-06-01	20.2	172.6	83	103.8	23.8	17.3
1909-07-01	24.3	118.3	83	197.8	28.3	21
1909-08-01	25.2	92.2	80	212.2	29.7	21.7
1909-09-01	21.8	346.5	83	130.9	25.3	18.7
1909-10-01	14.8	57.8	76	149	19.4	10.9
1909-11-01	10	72.6	71	178.8	15.8	4.6
1909-12-01	4.6	0.8	63	209	10.2	-0.4
1910-01-01	4.2	119.8	75	111.7	8.4	0.7
1910-02-01	2.9	45.1	52	206.5	8.1	-1.9
1910-03-01	6.1	70.2	59	184.5	11.1	1.1
1910-04-01	12.3	79.3	71	197.3	16.9	7.9
1910-05-01	16.8	176.2	75	171	21.4	12.6
1910-06-01	20.7	112.6	84	127.3	24.6	17.3
1910-07-01	23	147.2	86	110.3	26.4	20
1910-08-01	24.1	419.9	85	139.3	27.8	21.2
1910-09-01	20.9	201.4	84	107.7	24.4	18
1910-10-01	16.1	307.9	83	108.6	19.3	13.2
1910-11-01	10.4	46.9	72	189.4	16	5.9
1910-12-01	4.3	24.2	66	194	9.7	-0.3
1911-01-01	2.5	97.5	65	166.1	6.8	-1.1
1911-02-01	5.2	30.7	62	169.3	10.1	0.8
1911-03-01	8.2	117.6	70	152.3	13	3.6
1911-04-01	13.8	130.1	69	211.2	18.5	9.3
1911-05-01	16.2	101.2	74	222.1	21.2	11.3
1911-06-01	20.8	274.5	82	130.8	24.6	17.7
1911-07-01	24.5	304.6	83	172	28.5	21.3
1911-08-01	25.6	400.5	83	201.7	29.7	22.7
1911-09-01	22.6	173.5	83	146.5	26.7	19.3
1911-10-01	15.8	150.8	77	136.5	20.1	12.2
1911-11-01	12.8	53.7	72	173.8	17.7	8.1
1911-12-01	5	32.2	66	172.9	10.1	0.7
1912-01-01	3	49.9	58	219.2	8.7	-1.4
1912-02-01	6.2	120.1	66	174.6	11.5	1.1
1912-03-01	8.1	115.6	67	166.5	12.9	3.7
1912-04-01	13	142	69	216.8	18	7.6
1912-05-01	16.7	106.1	75	210.6	21.6	12.4
1912-06-01	20.1	264.1	83	162.8	24.5	16.5
1912-07-01	24.3	152.7	84	172.7	28.5	21.1
1912-08-01	25.2	67.9	81	223.7	30.1	21.6
1912-09-01	20.2	400.7	83	78.4	23.8	17.2
1912-10-01	15.9	107.5	79	140.2	20.7	12.2
1912-11-01	9.4	106.1	74	128.5	13.9	5.4
1912-12-01	4.7	101.6	72	133.3	9.6	1.2
1913-01-01	1.9	61.1	63	205.7	7.5	-2.4
1913-02-01	4.5	82.5	61	153.1	9.5	0.4
1913-03-01	6.2	45.1	59	216.5	11.9	1
1913-04-01	13.6	68	75	158.5	18.8	9
1913-05-01	16.1	187	73	224.8	21.4	11.2
1913-06-01	20.3	149.4	79	156	24.9	16.6
1913-07-01	23.3	88.3	84	156	27.8	20.4
1913-08-01	23.8	252.2	79	211.2	28.8	20
1913-09-01	20	262.3	83	138.1	24.5	16.6
1913-10-01	15.6	244.9	81	120.1	19.7	12.3
1913-11-01	10	106.8	71	152.1	15.3	5.6
1913-12-01	5.2	49.4	69	201.7	11	0.6
1914-01-01	4.3	23.5	61	223.7	10.8	-0.8
1914-02-01	3.5	64.9	66	165.6	8.6	-0.4
1914-03-01	8.8	197	75	148.4	13.8	4.5
1914-04-01	11.8	178.2	68	209.4	17.5	6.8
1914-05-01	17.8	193.7	77	186.7	22.3	13.9
1914-06-01	21.5	124.7	81	172.7	25.5	18.3
1914-07-01	25.5	26	78	218.7	30	21.6
1914-08-01	26.4	278	78	263.2	31.3	22.7
1914-09-01	22.5	355.4	82	169.9	26.5	19.3
1914-10-01	16.1	151.8	76	210.3	21.5	11.6
1914-11-01	11.9	54	77	152.6	17.1	7.7
1914-12-01	5.8	47.2	69	193.7	11.7	0.9
1915-01-01	3.3	94	66	169.2	8	-0.8
1915-02-01	4.1	141.2	67	130.8	8.6	0.5
1915-03-01	6.6	106.3	63	217.8	11.8	2
1915-04-01	11.6	211.1	76	134.2	16.7	7.6
1915-05-01	15.9	153.8	76	212.8	20.7	11.1
1915-06-01	21.9	241.6	84	169.9	26	18.5
1915-07-01	24.2	19.5	80	221.3	28.8	20.5
1915-08-01	25.7	326.1	84	138.5	29.7	22.9
1915-09-01	22.7	213	84	132.7	26.6	19.7
1915-10-01	17.6	317.4	80	126.4	21.8	14.2
1915-11-01	11.1	84.8	78	147.9	15.6	7.2
1915-12-01	5.6	17.9	65	206.3	11.8	1
1916-01-01	5.1	27.5	65	194.1	11.4	-0.3
1916-02-01	4.1	139	68	155.4	9.2	-0.1
1916-03-01	5.8	61.1	65	178.6	11	1.1
1916-04-01	12.7	113.8	72	157.3	17.6	8.6
1916-05-01	16.9	135.2	78	188.6	21.8	12.7
1916-06-01	22.7	141.1	80	201.6	27.1	19.1
1916-07-01	23.9	319.2	84	160.4	28.1	20.9
1916-08-01	25	202.8	83	163.4	29.2	22.1
1916-09-01	23.7	170.6	83	170.9	28.2	20.2
1916-10-01	15.8	301.5	84	87.5	19.8	12.8
1916-11-01	11.3	267.9	81	134.5	15.9	7.4
1916-12-01	6.8	51.1	71	157.5	11.2	2.8
1917-01-01	2.3	33	59	213.9	8.4	-2.5
1917-02-01	4.5	15.5	56	202.3	10.4	-0.7
1917-03-01	6.5	170.2	66	187.4	11.2	2.1
1917-04-01	12.7	80.5	69	210.9	17.6	8
1917-05-01	15.8	72.3	73	238.3	20.8	10.6
1917-06-01	19.6	177.4	82	152	23.5	16.2
1917-07-01	25.7	17	79	240.7	30.3	22
1917-08-01	25	45.3	80	186.8	29.4	21.5
1917-09-01	22	255.4	87	85.3	25.4	19.4
1917-10-01	16.8	355.2	82	112.2	20.6	13.3
1917-11-01	8.7	81.7	69	184.9	13.9	4.2
1917-12-01	4	4.4	59	231	10.4	-1.2
1918-01-01	1.6	10	55	219.2	7.3	-3.4
1918-02-01	3.6	64.9	62	168.1	8.8	-0.9
1918-03-01	6.7	162.9	65	202.1	11.6	2.6
1918-04-01	11.7	107.9	73	168.9	16.5	7.5
1918-05-01	16.7	123.2	76	207.9	21.4	12
1918-06-01	20.1	148.8	84	119.3	23.7	17.1
1918-07-01	26	82.2	82	270	30.2	22.5
1918-08-01	26.1	78.1	80	243.4	30.6	22.5
1918-09-01	22.6	202.5	81	185.3	27.2	18.8
1918-10-01	16	134.8	83	105.4	20.1	12.7
1918-11-01	10.4	141.6	75	159.2	15.1	6.5
1918-12-01	3.9	79.6	71	158.2	8.7	0.1
1919-01-01	2.8	85.1	64	147.5	7.3	-1.2
1919-02-01	3.7	142.4	69	159.5	7.9	-0.1
1919-03-01	8.3	93	65	190.3	13.7	3.5
1919-04-01	13.4	53.5	68	214.2	18.6	8.2
1919-05-01	16.2	90.8	74	224.4	21	11.4
1919-06-01	19.8	118.6	80	151.4	24.2	16
1919-07-01	23.6	177.5	82	189.2	27.5	20.2
1919-08-01	25	95.5	80	214	29.3	21.5
1919-09-01	22.7	248.4	81	165.7	26.8	19.3
1919-10-01	16.4	162.8	82	140.6	20.9	13
1919-11-01	11.4	178.4	81	101.6	15.2	7.9
1919-12-01	5.3	88.2	65	194.6	10.5	1.2
1920-01-01	4.1	62.6	63	223.5	10.1	-1
1920-02-01	2.6	111.4	65	148.7	6.6	-0.6
1920-03-01	6.6	128.3	71	157.1	11	2.5
1920-04-01	12.6	194.5	73	191.2	17.4	8.2
1920-05-01	16.8	259.6	80	162.4	21.3	13.2
1920-06-01	20.3	218.9	82	134.6	24.1	17
1920-07-01	26.1	117.9	79	269.1	30.6	22.5
1920-08-01	25.7	325.1	84	207.3	29.3	23
1920-09-01	21.4	369.8	81	153.8	25.5	18.2
1920-10-01	16.4	240.9	78	168.7	21	12.7
1920-11-01	12	65.9	75	169.7	17	7.9
1920-12-01	5.2	98.8	66	185.5	10.3	1.1
1921-01-01	4	56.5	64	202	9.4	-0.6
1921-02-01	3.5	86.2	59	207.1	9.2	-1.2
1921-03-01	6.2	99.3	59	209.1	11.5	1.3
1921-04-01	13.8	136.8	73	174.8	18.7	9.5
1921-05-01	16.4	269.4	78	180	20.7	12.7
1921-06-01	18.8	206.5	83	109.1	22.6	15.6
1921-07-01	24.3	209	83	201.1	28.4	21.4
1921-08-01	25.3	154.7	84	211	29.2	22.2
1921-09-01	21.3	448.8	86	118.4	24.7	18.5
1921-10-01	15.4	306.4	82	138.9	19.5	12
1921-11-01	9.3	4.6	67	232.2	16	3.7
1921-12-01	5	47	64	185.5	10.4	0.4
1922-01-01	0.6	60.5	60	194.1	5.5	-3.2
1922-02-01	7	226.9	71	157.6	12	2.9
1922-03-01	6.6	104.7	63	236.7	12.1	1.6
1922-04-01	13.3	180.1	71	209	18.3	8.5
1922-05-01	16.8	96.7	77	186.9	21.8	12.7
1922-06-01	21.7	139.9	78	230.8	26.6	17.5
1922-07-01	25	115.3	82	177.4	29.2	21.8
1922-08-01	27.3	199.3	80	263.6	32.2	23.6
1922-09-01	23.4	45.1	79	185	27.9	19.8
1922-10-01	16.8	168.9	77	197.7	22.4	12.4
1922-11-01	10.8	63.6	74	159.9	16.5	6.2
1922-12-01	4	10.2	58	224.4	9.9	-1.3
1923-01-01	1.7	64.2	65	183.7	6.9	-2.8
1923-02-01	3	119.8	68	118.5	7.6	-1
1923-03-01	7.9	107.5	70	189.2	13.1	3.2
1923-04-01	12	116.1	74	155.1	16.9	7.4
1923-05-01	16.8	192.4	81	127.5	20.8	13.3
1923-06-01	20.4	280.9	83	121	24	16.8
1923-07-01	24	168.2	84	139	27.8	20.7
1923-08-01	27.2	42.2	79	232.3	31.7	23.6
1923-09-01	23.4	259.4	80	133.2	27.7	19.7
1923-10-01	16.8	164	81	147.2	21.3	12.9
1923-11-01	12	138.1	75	150.9	16.7	7.7
1923-12-01	5.6	44.6	76	156.1	10.7	1.2
1924-01-01	2.7	8.7	66	201.6	8.8	-2.3
1924-02-01	4.5	68.4	64	177.7	9.8	-0.4
1924-03-01	5	64.2	59	220	10.1	0
1924-04-01	14.7	170.8	75	165.1	19.1	10.4
1924-05-01	16.9	168.3	72	212.6	21.9	11.9
1924-06-01	19.4	114.2	81	125.9	23.6	15.9
1924-07-01	26.1	12.9	78	258.6	30.8	22.2
1924-08-01	26.2	185.9	78	213.4	30.7	22.4
1924-09-01	21.8	363.2	80	140.1	25.9	18.2
1924-10-01	15.4	260.8	78	127.1	19.5	11.5
1924-11-01	9.9	28.4	70	201.8	16.1	4.6
1924-12-01	5.2	29.5	67	165.5	10.3	0.8
1925-01-01	2.9	43.1	63	184.1	7.9	-1.6
1925-02-01	2.4	53.5	64	157.9	6.9	-1.8
1925-03-01	6.2	33	58	229.2	12.2	0.5
1925-04-01	11.9	131.6	70	167.3	16.8	7
1925-05-01	16.1	109	77	180.9	21.2	10.9
1925-06-01	20.1	105.3	80	143.7	24.2	16.5
1925-07-01	23.2	128.5	82	195.7	27.1	19.6
1925-08-01	25.7	360.5	85	196.1	29.7	22.5
1925-09-01	22.9	359.4	85	160.8	26.6	19.4
1925-10-01	16.3	239.6	81	132.6	20.7	12.3
1925-11-01	11.4	100.7	75	155.5	16.5	6.7
1925-12-01	6.8	48.3	71	199	12.5	1.4
1926-01-01	3.1	7.3	62	191.2	9	-2.2
1926-02-01	4.6	50	62	167.7	9.8	-0.4
1926-03-01	6.3	70.6	66	195.8	11.2	1
1926-04-01	11.1	101.4	66	220.9	17.1	4.4
1926-05-01	16.3	235.5	77	168.8	21	11.6
1926-06-01	19	134.4	77	196.1	23.8	14.4
1926-07-01	24.6	60.8	78	202.2	28.9	20.9
1926-08-01	26.3	84.2	78	201	30.8	22.5
1926-09-01	23.2	182.4	79	140.6	27.3	19.9
1926-10-01	15	95.2	73	173.8	19.9	10.6
1926-11-01	9.8	41.3	64	195.8	15.6	4.9
1926-12-01	4.1	113.7	68	159.7	9.2	-0.9
1927-01-01	2.7	20.3	62	188.7	8.4	-2.6
1927-02-01	2.1	42.7	64	153.9	7	-2.5
1927-03-01	6.3	207	68	167.6	11.3	1.5
1927-04-01	13.5	112.3	73	194.8	18.2	8.8
1927-05-01	17.1	194.8	74	221.9	21.9	12.2
1927-06-01	20.5	120.8	78	183.9	25.1	16.2
1927-07-01	26	116.7	81	203.7	30.2	22.6
1927-08-01	26.6	107.3	78	224.4	31.4	22.8
1927-09-01	21.2	345	82	124.8	24.9	17.9
1927-10-01	16.7	80.1	78	150.2	21	12.6
1927-11-01	11.2	71.5	75	171	16.5	6.3
1927-12-01	5.5	26.4	71	160.3	10.7	0.8
1928-01-01	3.6	71.7	67	163.8	8.8	-1
1928-02-01	3.3	91	62	202.4	8.7	-1.7
1928-03-01	6.9	158.2	66	199.7	12	2
1928-04-01	12.5	169.8	74	218.8	17.2	7.7
1928-05-01	17.8	117.9	79	184.7	21.8	13.4
1928-06-01	20.3	320.8	84	105.4	23.5	17
1928-07-01	23.4	127.4	85	144.4	26.6	20.5
1928-08-01	24.1	247.3	87	115	27.7	21
1928-09-01	23.9	83.7	82	187.2	27.9	20.2
1928-10-01	16.7	265.9	82	115.6	20.6	13.2
1928-11-01	11.7	64.1	76	128.6	16.5	7.3
1928-12-01	5.4	32.6	65	146.7	10	0.9
1929-01-01	2.6	1.7	52	201.2	8.2	-2.7
1929-02-01	2.9	2.9	56	208.9	8.8	-2.8
1929-03-01	7.1	50.1	51	211.3	12.4	1.3
1929-04-01	12.6	134.8	69	187.7	16.8	7.4
1929-05-01	15.9	255.3	77	146.3	19.7	12
1929-06-01	20.6	115.7	76	189.6	24.7	16.4
1929-07-01	25.9	58.4	78	226.8	29.8	22.4
1929-08-01	27.1	63.6	75	240.2	31.4	23.2
1929-09-01	20.5	544.1	82	109.1	24.3	17.1
1929-10-01	16.5	323.1	79	110.5	20.2	13.1
1929-11-01	11	203.7	78	103.1	14.8	7.3
1929-12-01	8.6	155.7	74	117.3	12.8	4.7
1930-01-01	3.8	41.4	63	174.2	8.4	-0.3
1930-02-01	5.4	108.3	64	150.8	9.6	1.5
1930-03-01	8.8	162.1	72	143.1	13	4.4
1930-04-01	14	149	73	166.1	18.6	9.4
1930-05-01	17.7	105.2	73	186.7	22.2	13.4
1930-06-01	21.4	123.2	79	147.5	25.1	17.7
1930-07-01	26.3	139.3	82	162.6	30	22.9
1930-08-01	26.8	51.5	79	211	30.6	23.4
1930-09-01	21.5	191.9	77	193.6	26.2	17.4
1930-10-01	16.7	255.6	77	144	21.3	12.6
1930-11-01	10.3	77.7	72	170.1	15.6	5.5
1930-12-01	5.2	71	73	150.4	10.1	1
1931-01-01	2.9	73	65	149.5	7.8	-1.4
1931-02-01	2.5	85.3	71	88.9	6.4	-0.9
1931-03-01	7.9	83	59	212.5	13.6	2.8
1931-04-01	12.4	69.7	65	179.9	17.4	7.4
1931-05-01	16.3	244.2	71	244.5	21	11.3
1931-06-01	20.4	114.9	78	181.7	24.3	16.7
1931-07-01	21.8	193.6	84	106.5	25.1	19
1931-08-01	26.4	49	78	267.2	30.4	22.8
1931-09-01	22.5	228	80	118.3	26.4	19.2
1931-10-01	16.3	249.1	79	137.3	21	12.3
1931-11-01	11.5	107.6	74	132.8	15.9	7.3
1931-12-01	6.9	67.1	70	135.8	12.1	2.3
1932-01-01	5.9	38.7	68	192.8	11.5	1
1932-02-01	4.3	61.2	59	187.9	9.2	-0.1
1932-03-01	6.9	108	64	212.8	12.2	1.6
1932-04-01	12.3	156.5	68	189.3	16.9	7.3
1932-05-01	18	63.8	70	233.1	22.6	13
1932-06-01	19.8	187.4	80	111.2	23.4	16.4
1932-07-01	25.7	115.5	82	187.1	29.4	22.5
1932-08-01	26.7	86.8	79	205.3	30.6	23.6
1932-09-01	21.8	363.1	84	110.5	25.3	19
1932-10-01	16.5	153.9	77	131.3	20.7	12.9
1932-11-01	10.9	267.7	74	123.6	16.1	6.8
1932-12-01	6	87.4	69	148.4	11.1	1.7
1933-01-01	3.2	58.4	64	141.9	7.6	-0.6
1933-02-01	3.6	18.7	60	172.6	8.5	-0.6
1933-03-01	5.8	133.9	70	127.6	9.6	2
1933-04-01	12.3	135.4	75	104.3	16.2	8.4
1933-05-01	18.1	60.3	74	219.6	23.1	13.5
1933-06-01	21.9	34.1	76	185.6	26	18
1933-07-01	26.6	44.2	78	215.1	30.7	23.2
1933-08-01	27.5	43.2	78	218.4	31.6	24.1
1933-09-01	23.1	42.7	72	206.7	27.8	19
1933-10-01	16.8	301.9	76	147.9	21.5	12.7
1933-11-01	11.2	84.1	73	148	16.3	6.8
1933-12-01	6.2	54.4	68	193.3	11.7	1.4
1934-01-01	2.5	18.4	59	213.1	8.3	-2.4
1934-02-01	4	28.3	57	199.2	9.7	-1
1934-03-01	6.1	68.3	63	202.8	11.4	0.8
1934-04-01	11.5	150	71	166	16.1	6.9
1934-05-01	17.8	83.9	73	226.8	22.5	13.2
1934-06-01	22	133.5	76	186.7	26.3	17.9
1934-07-01	23.9	111.1	84	105	27.5	20.9
1934-08-01	26.1	23.4	79	184.3	30.4	22.5
1934-09-01	21.6	200.6	84	74.4	25.1	18.6
1934-10-01	14.6	196.1	79	112.2	18.5	11
1934-11-01	10.8	141.5	69	156.1	15.9	6.4
1934-12-01	5.9	91.6	66	131.2	10.6	1.9
1935-01-01	3.7	58.6	63	193.7	8.9	-0.8
1935-02-01	4.8	110.7	68	143.7	9.4	0.7
1935-03-01	7.1	115.9	62	193.4	12.5	2.3
1935-04-01	12.5	142.2	69	182.1	17.3	7.7
1935-05-01	16.7	84.2	70	200	21.2	12.2
1935-06-01	21.5	131.3	74	189	25.8	17.8
1935-07-01	24.3	99.1	78	181.3	28.3	20.7
1935-08-01	24.8	196.6	81	172.4	28.2	21.9
1935-09-01	20.8	369.3	83	100.1	24.3	18
1935-10-01	17.1	214.4	75	163	22.1	13.2
1935-11-01	10.7	74.7	71	146.2	15.6	6.4
1935-12-01	5.5	59.8	69	141	10.8	1.2
1936-01-01	2	32.1	57	212.6	7.5	-2.8
1936-02-01	2.5	129	60	158.5	6.8	-1.2
1936-03-01	6.1	41.4	63	201.3	11.1	1.5
1936-04-01	12	198.9	68	154.1	16.9	7.4
1936-05-01	16.4	169.1	75	156.2	20.5	12.5
1936-06-01	21.4	120.4	78	202.3	25.1	17.8
1936-07-01	24.9	246.3	79	218	28.9	21.2
1936-08-01	26.5	92.5	77	208.8	30.8	22.8
1936-09-01	24.2	232	79	170.4	28.5	20.7
1936-10-01	16	252.8	74	123.3	20.1	12.2
1936-11-01	11.2	60.1	69	136.6	15.4	7.3
1936-12-01	6.2	53	70	143.9	11.4	2
1937-01-01	4.6	78.1	65	142.2	9.2	0.4
1937-02-01	5.7	144.9	70	132.7	10.4	1.6
1937-03-01	8.1	145.7	63	168.2	13.2	3.5
1937-04-01	12.8	126.5	68	189.7	17.6	8.1
1937-05-01	17.6	124.5	71	200.4	22.1	13.3
1937-06-01	19.6	131.4	77	156.2	23.4	15.7
1937-07-01	26.3	48.6	80	227.6	29.8	23.4
1937-08-01	28.2	10.8	73	284.9	32.8	24.3
1937-09-01	22.7	181.6	76	171.5	26.9	19
1937-10-01	16.3	192.2	78	132.3	20.6	12.8
1937-11-01	11.2	95.4	74	137.9	15.9	7.3
1937-12-01	5.2	79.3	59	222.1	11.1	0
1938-01-01	2.7	32	59	198.1	8.2	-2.1
1938-02-01	3.4	65.5	56	206.6	8.2	-1.1
1938-03-01	8.8	92	73	134.6	13.2	4.7
1938-04-01	13.2	96.4	65	213	18.3	8
1938-05-01	18.7	127.5	77	180.2	22.7	14.8
1938-06-01	20.8	649	82	130.1	24.8	17.5
1938-07-01	25	255.1	80	170.4	29.1	21.8
1938-08-01	26	191.9	81	181.9	29.7	23.2
1938-09-01	22.4	265.2	78	138.1	26.4	19.2
1938-10-01	16.7	351.5	78	142.6	20.9	12.8
1938-11-01	10.8	21	66	183.4	16.4	6.5
1938-12-01	5.9	82.5	64	167.7	10.7	1.5
1939-01-01	2.4	35.1	54	199.9	7.2	-1.8
1939-02-01	4.1	52.7	55	184.4	9.1	-0.2
1939-03-01	7.4	98.3	59	217.1	12.6	2.7
1939-04-01	12.8	211.3	71	186.4	17.3	7.9
1939-05-01	17	139.1	72	211.6	20.9	13.3
1939-06-01	20.7	235.4	79	184.9	24.7	16.9
1939-07-01	26.5	172.2	78	246.3	30.7	23.1
1939-08-01	25.8	293.5	81	226.8	29.8	22.4
1939-09-01	23.7	266.7	79	160.9	27.7	20.4
1939-10-01	17.9	182.1	78	136.5	22.1	14.5
1939-11-01	12.3	53.8	73	136.7	16.9	8.2
1939-12-01	5.4	9.8	67	173	11.1	0.2
1940-01-01	2.7	0	53	226.1	8.9	-2.7
1940-02-01	3.7	53.9	54	188.5	8.9	-0.8
1940-03-01	8.2	65.2	59	228.6	13.3	3
1940-04-01	13.1	163.4	68	219.2	18	8.2
1940-05-01	17.7	54.3	70	269.5	23	12.5
1940-06-01	22.1	185.7	76	233.4	26.8	18
1940-07-01	26.9	28.4	75	267.2	31.8	22.9
1940-08-01	24.9	187	81	198.7	29	21.4
1940-09-01	21.7	191.5	79	158.6	26.2	18.2
1940-10-01	17.8	72.3	76	160.5	22.2	14
1940-11-01	12.3	65.8	76	118.1	16.7	8.4
1940-12-01	6.2	26.9	67	174.4	11.5	1.4
1941-01-01	4.8	51.7	64	199.3	10.6	-0.2
1941-02-01	5	64.5	58	185.9	10.5	0.3
1941-03-01	8.2	157	66	166.3	12.9	3.7
1941-04-01	12.7	75.1	71	185.1	17.3	8.1
1941-05-01	17.6	206.9	74	190.6	21.9	13.3
1941-06-01	20.8	209.6	81	118.7	24.3	17.3
1941-07-01	23.7	673.7	84	122.9	27.4	20.8
1941-08-01	25.4	181.5	83	146.6	29.3	22.5
1941-09-01	20.6	218.6	83	104.5	24.2	17.4
1941-10-01	17.3	54.6	73	193.6	22.5	13
1941-11-01	11.7	165.6	75	98.2	16.2	7.9
1941-12-01	6.9	96.4	69	145.6	11.9	2.9
1942-01-01	2.9	5.9	60	217.3	8.8	-2.3
1942-02-01	2.6	75.7	65	139.5	7.2	-1.3
1942-03-01	10.3	113.6	67	177.1	15.8	5.2
1942-04-01	13.6	155	64	208.6	18.8	7.5
1942-05-01	17.3	132.6	72	200.9	22	12.6
1942-06-01	22.2	171.9	77	139.5	26.3	18.4
1942-07-01	27.5	8.6	77	215.4	31.9	23.8
1942-08-01	27	277.3	77	210.7	31.3	23.5
1942-09-01	24.9	278	77	158	29.1	21.4
1942-10-01	16.4	147.4	72	184.5	21.4	12.1
1942-11-01	10.1	81.6	68	178.6	15.4	5.6
1942-12-01	5.4	21.9	63	188.2	10.8	1.1
1943-01-01	2.4	61.9	57	220.4	8	-2.5
1943-02-01	4	91.2	55	203.4	9.4	-0.9
1943-03-01	6.8	31.4	58	191	11.9	2.4
1943-04-01	11.8	120.3	67	208.4	16.8	6.5
1943-05-01	17.8	131.5	73	193.9	22.5	13.1
1943-06-01	21.5	125.2	76	122.4	25.6	18.1
1943-07-01	25.1	134.9	79	213.3	29	22
1943-08-01	27.4	109	78	235.2	31.9	23.7
1943-09-01	24.4	186.3	79	125	28.4	21.2
1943-10-01	17.2	363.4	78	131.9	21.3	13.9
1943-11-01	10.8	22.5	71	162	16.2	6.5
1943-12-01	5.7	13.7	64	170.1	11.4	1.4
1944-01-01	3	12.3	54	172.2	8.7	-1.5
1944-02-01	3.2	27.7	56	188	8.8	-1.5
1944-03-01	5.6	118.1	67	162.4	10.8	0.9
1944-04-01	10.6	188.8	68	170.7	15.7	6.1
1944-05-01	17.7	69.4	75	183.6	22.5	13.1
1944-06-01	22.3	93	78	191.5	27	18.4
1944-07-01	25.6	118.7	80	195.2	30.3	21.7
1944-08-01	27.5	53.2	78	242	32.1	23.9
1944-09-01	23.2	76.9	76	161.5	27.6	19.6
1944-10-01	16.3	418.8	80	112.8	20.4	13
1944-11-01	10.9	129.2	76	144.7	15.4	7.3
1944-12-01	4.3	22.7	66	189.7	10.4	-0.2
1945-01-01	1.1	2.1	60	204.9	7.4	-3.8
1945-02-01	1.6	100.3	57	193	6.9	-2.8
1945-03-01	6.6	57	64	189.1	11.8	1.9
1945-04-01	13.5	94	66	210.7	19.8	7.9
1945-05-01	15.6	130.9	75	184	20.7	11.2
1945-06-01	20.4	89.1	81	129.5	24.6	17.1
1945-07-01	22	208.5	81	149.9	26.1	18.7
1945-08-01	26.7	126.8	80	248.1	31.3	23.1
1945-09-01	22.4	118.4	79	122.8	26.5	19.1
1945-10-01	16.8	530.8	83	127.6	20.9	13.2
1945-11-01	11.3	120.8	73	186.4	16.8	6.9
1945-12-01	4.8	37.2	64	220.7	11.1	0
1946-01-01	3.5	33.4	63	193.1	9.3	-1.3
1946-02-01	4.2	95.4	60	164.1	9.5	0.1
1946-03-01	6.2	103.7	67	163	10.7	2.2
1946-04-01	14.3	118.8	70	210.1	19.6	9.4
1946-05-01	16.9	113.3	76	141.6	21.2	12.9
1946-06-01	23.3	59.7	76	232.4	28	19.4
1946-07-01	26.2	127	81	214	30.8	22.7
1946-08-01	26.7	56.2	81	230.6	31.4	23.3
1946-09-01	23.1	145.5	77	167	28	19.3
1946-10-01	17.3	234.3	78	166.9	22	13.2
1946-11-01	12.4	113.1	78	123.7	17.1	8.8
1946-12-01	4.7	35.9	68	182.7	10.4	0.1
1947-01-01	3.4	69.9	70	152.3	8	-0.6
1947-02-01	2.7	36	62	199.1	8.9	-2.4
1947-03-01	6.8	77	67	176.5	11.9	1.9
1947-04-01	13.1	62.1	66	246.2	19	7.3
1947-05-01	16.9	146.6	79	187.2	21.7	12.6
1947-06-01	19.2	90.1	86	89.8	22.8	16.4
1947-07-01	25.7	19.9	80	242	30.5	22
1947-08-01	28	128	77	277.9	33.3	23.9
1947-09-01	22.9	213.2	81	130.3	27.1	19.4
1947-10-01	15.6	121.4	74	141.8	19.8	12
1947-11-01	10.3	27.2	67	173.4	15.7	5.5
1947-12-01	4.1	46.4	64	157.7	9.6	-0.6
1948-01-01	4	39.7	65	191.1	10.1	-0.9
1948-02-01	5.1	75.5	59	178.7	10.6	0.6
1948-03-01	6.5	67.4	68	149.9	11.3	2.2
1948-04-01	14.2	149.2	75	183.2	18.6	9.9
1948-05-01	18.1	93.4	76	146.1	22.5	14
1948-06-01	21.6	215.5	80	145.3	25.6	18.3
1948-07-01	26	323	82	177	30.6	22.7
1948-08-01	25.4	287.6	83	151.2	29.7	22.4
1948-09-01	23.8	197.6	76	174.2	28.2	20.1
1948-10-01	17.4	65	77	129.4	21.8	13.9
1948-11-01	11.9	193.3	71	143.6	17	7.6
1948-12-01	7.9	50.2	72	136.4	13.1	3.7
1949-01-01	5.4	54.5	65	183.5	11.7	0.2
1949-02-01	6.5	70.9	67	135.9	11.5	2
1949-03-01	6.7	56.8	61	171	11.9	1.9
1949-04-01	12.1	120.5	62	215.5	17.4	7.2
1949-05-01	18.4	109.7	74	195.3	23.4	13.9
1949-06-01	19.4	284.3	80	115.5	23.1	16.3
1949-07-01	25.3	81.6	79	227.6	29.5	21.9
1949-08-01	26.6	253.2	79	197.4	31.4	22.9
1949-09-01	22.4	200.1	82	144.3	27	18.6
1949-10-01	16.1	296.9	81	113.9	20.3	12.9
1949-11-01	10	167.1	74	105.4	14.5	6.2
1949-12-01	6	86.5	70	153.5	10.6	2.1
1950-01-01	5	89.3	62	175.8	10	0.6
1950-02-01	4.7	78.7	62	138.5	9.5	0.7
1950-03-01	7.7	69.3	61	178.7	13.6	3
1950-04-01	13.9	147.4	72	147.5	18.8	10.1
1950-05-01	19.2	111.8	76	163.1	24	15.5
1950-06-01	21.8	372.1	83	125.9	25.4	19
1950-07-01	26.5	253.8	78	249.4	31	23.5
1950-08-01	26.2	297.7	83	178.6	30.4	23.2
1950-09-01	23.8	64.9	78	172.6	28.6	20.8
1950-10-01	15.8	223.5	76	120.7	20.4	12.3
1950-11-01	11.1	116.4	73	120.7	15.9	7.1
1950-12-01	5.4	126.8	65	165.9	11.2	0.9
1951-01-01	3.3	36.4	61	183.1	8.6	-1
1951-02-01	4.5	120.4	62	155.5	9.7	0.4
1951-03-01	8.8	149.1	64	156.3	14.2	4.1
1951-04-01	13.3	177.1	69	146.1	18.3	9
1951-05-01	18	86.4	72	198.7	23.3	13.9
1951-06-01	21.2	144.3	76	168	25.9	17.3
1951-07-01	24.3	157.4	84	162	28.3	21.2
1951-08-01	26.7	220.6	80	218.2	31.6	23.5
1951-09-01	20.7	217.8	79	99.7	24.7	17.4
1951-10-01	17.3	170.1	80	126.2	21.7	13.9
1951-11-01	11.4	68.4	67	165.9	16.8	6.8
1951-12-01	7.3	41.8	63	173.9	13.4	2.2
1952-01-01	4.3	98.9	62	177.7	9.7	-0.1
1952-02-01	2.6	79.9	67	107.4	6.8	-0.6
1952-03-01	7.4	221.2	68	152.2	12.1	3.7
1952-04-01	13.3	202.8	72	165.5	18.3	9
1952-05-01	18.1	136.7	69	228.5	23.2	13.8
1952-06-01	21.3	242.6	81	134.6	25.5	17.9
1952-07-01	24.3	205.3	83	158.5	28.2	21.5
1952-08-01	26.8	73.3	81	203.1	31.4	23.7
1952-09-01	22.7	129	81	107.2	26.9	19.6
1952-10-01	17.3	105	74	128.3	21.8	13.8
1952-11-01	12	124.4	75	121.9	16.5	8.2
1952-12-01	5.3	21.5	70	152.5	10.6	1
1953-01-01	3.3	38.2	59	183.3	8.7	-1
1953-02-01	4.2	42.1	59	158.4	9.7	-0.7
1953-03-01	9.4	136.5	66	159.3	14.6	5.1
1953-04-01	12.7	49.6	61	197.8	17.6	8
1953-05-01	17.8	170.3	71	186.4	22.3	13.9
1953-06-01	20.6	191.2	83	84.2	24.6	17.6
1953-07-01	24.7	183.8	82	127	28.3	22
1953-08-01	25	247.2	82	116.4	28.9	22.4
1953-09-01	22.2	248.1	82	106.4	26.1	19.2
1953-10-01	17.2	144	74	167.3	21.7	13.6
1953-11-01	10.4	21.3	62	169.6	15.7	6.4
1953-12-01	7.6	47.1	66	130.4	12.1	3.8
1954-01-01	4.3	120.4	67	129.2	8.6	0.4
1954-02-01	5.6	53	62	176.8	11.6	0.5
1954-03-01	8.4	115.2	60	178.7	13.1	4.2
1954-04-01	14.9	177.3	72	146.3	19.4	10.9
1954-05-01	17.6	136.8	71	158.9	21.8	13.8
1954-06-01	18.3	304.5	81	82.6	21.6	15.6
1954-07-01	22.3	121.9	80	105.4	25.7	19.9
1954-08-01	27	120.8	77	199.4	31	24.2
1954-09-01	24.6	246.4	78	159.3	28.5	22
1954-10-01	15.5	145.1	74	116.2	19.7	12.6
1954-11-01	11.7	149.6	68	168.4	16.5	7.5
1954-12-01	7.1	79.7	61	150.3	11.9	3.5
1955-01-01	3.8	43.3	54	215.9	9.6	-1.2
1955-02-01	6.2	89.4	56	174.6	12.1	1.4
1955-03-01	8.7	170.5	68	101.2	12.7	5.5
1955-04-01	13.6	87.5	70	143.1	17.9	9.7
1955-05-01	18.2	158.2	75	173.1	22.5	14.5
1955-06-01	22.7	81	77	148.2	26.8	19.6
1955-07-01	27.6	71	76	246.6	31.8	24.3
1955-08-01	26.3	201.9	78	189.8	30.2	23.3
1955-09-01	22.3	197.9	77	129.1	26.4	18.9
1955-10-01	17.6	319.4	76	117.6	21.8	14.8
1955-11-01	11	110.3	68	184.1	16.4	6.6
1955-12-01	7.9	23.5	59	194.8	13.8	3.2
1956-01-01	4.2	102.2	59	185.5	9.8	-0.5
1956-02-01	4.3	52.3	55	173.4	9.8	-0.3
1956-03-01	8.6	152.6	65	143	13.4	4.7
1956-04-01	13.1	137.5	68	170.2	17.9	9.3
1956-05-01	17.6	309.1	75	133.5	21.8	13.8
1956-06-01	22.3	151.6	76	142.4	26.1	19.2
1956-07-01	24.2	64.8	81	134.7	28.1	21.1
1956-08-01	25.4	107.1	75	164.5	29.7	22.2
1956-09-01	22.7	197.1	81	132.4	26.8	20.1
1956-10-01	17.3	302.8	79	84.7	20.8	14.6
1956-11-01	11.8	75.9	70	133.4	16.1	8.3
1956-12-01	5	4.3	54	217	11	-0.2
1957-01-01	5.7	2.6	51	161.2	11	1.2
1957-02-01	4.3	93.9	58	128.3	8.7	0.4
1957-03-01	6.8	77.4	50	216.3	12.4	1.9
1957-04-01	14.3	118.5	67	151.7	18.7	10.2
1957-05-01	17.1	164.1	70	191.9	21.3	13.4
1957-06-01	19.8	320.9	79	104.1	23.4	16.7
1957-07-01	24.4	143.1	83	91.9	27.8	21.8
1957-08-01	27.3	47.4	78	190.3	31.2	24.6
1957-09-01	20.8	243.6	78	76.8	24.4	18.2
1957-10-01	17.2	121.8	74	141.2	21.7	13.5
1957-11-01	12.9	51.6	67	164.1	17.7	9
1957-12-01	8	115.1	63	163	12.8	3.9
1958-01-01	5	69.5	57	190.7	10.1	0.6
1958-02-01	6	67.1	55	180.3	11.1	1.8
1958-03-01	8.4	62.9	62	158.6	13.5	4.3
1958-04-01	13.9	47.5	65	161.4	18.6	9.6
1958-05-01	18	80.3	68	205.1	23	13.5
1958-06-01	22	63	75	174.9	26.4	18.4
1958-07-01	24.9	197.5	80	129.3	28.9	21.9
1958-08-01	25.8	83.4	79	161	29.7	23
1958-09-01	23.2	670.9	78	132.6	27.3	20.3
1958-10-01	16	275.9	76	119.5	19.7	13
1958-11-01	11.1	89.4	71	117.6	15.4	7.7
1958-12-01	7.9	97.5	65	187.7	13.3	3.6
1959-01-01	3.7	54.7	61	170	8.9	-0.5
1959-02-01	7.3	115.3	69	118.5	12	3.6
1959-03-01	8.9	92.3	64	179.4	13.6	4.9
1959-04-01	15.3	162.7	62	191.3	20.2	10.8
1959-05-01	18.5	196.9	69	194.2	23.2	14.4
1959-06-01	20.4	123	78	113.9	24.4	17.5
1959-07-01	26.1	71	79	157.5	29.9	23.2
1959-08-01	26.7	137.2	79	180.5	30.7	23.7
1959-09-01	24.1	162	76	121.9	28.2	21.1
1959-10-01	17.6	217.3	76	124.1	21.9	14.5
1959-11-01	12.3	117.6	72	117.2	16.7	9
1959-12-01	7	176.3	64	159.9	12.3	2.7
1960-01-01	5	31.2	51	208.9	10.6	0
1960-02-01	6.6	8.8	54	207.3	12.7	1.6
1960-03-01	9.5	71.2	55	209	14.6	5.1
1960-04-01	12.8	164.8	63	154.6	17.2	8.9
1960-05-01	17.8	124.8	74	186.9	22.3	14.3
1960-06-01	21.5	83	75	155.4	25.3	18.2
1960-07-01	25.8	31.6	76	181.3	29.8	22.6
1960-08-01	26.4	215	78	218.5	30.4	23.4
1960-09-01	23.6	177.1	78	147.9	27.8	20.8
1960-10-01	16.8	182	72	134.4	21.1	13.5
1960-11-01	12.3	123.1	72	134.1	16.5	8.7
1960-12-01	6.7	69.3	60	183.9	12.4	2.3
1961-01-01	3.6	39	54	183.6	8.9	-0.7
1961-02-01	4.5	43.5	49	197.9	10.2	-0.5
1961-03-01	8.2	106.6	61	181.1	13.4	3.9
1961-04-01	14.9	183.1	63	205.8	20.1	10.5
1961-05-01	19.8	55.5	69	191.2	24.2	15.8
1961-06-01	22.6	305.5	75	166.4	26.8	19.2
1961-07-01	27.4	29.5	74	217.2	31.9	23.9
1961-08-01	26.8	30.9	77	172.2	31.2	23.7
1961-09-01	25.3	37	72	181.1	29.8	21.8
1961-10-01	18.3	338.4	78	82.3	21.8	15.9
1961-11-01	12.7	50.7	63	161	17.8	8.6
1961-12-01	7.2	40.5	58	202.6	12.7	2.8
1962-01-01	4.5	40.5	52	210.7	9.8	-0.5
1962-02-01	5.9	13.5	48	195	11.7	0.8
1962-03-01	8.2	65.5	58	189.8	13.7	3.3
1962-04-01	14.1	124.2	61	202.6	19.2	9.7
1962-05-01	18.4	211.5	70	177	22.9	14.5
1962-06-01	20.9	244.5	76	111.8	24.7	17.8
1962-07-01	25.1	166.9	81	135.9	28.8	22.3
1962-08-01	28.1	50.1	71	270.5	32.9	24.4
1962-09-01	24.5	4.9	70	168.7	29.2	21.1
1962-10-01	16.7	119.8	70	135.9	20.9	13.3
1962-11-01	11.3	151.8	71	117.6	15.4	7.9
1962-12-01	7	62.8	62	175.8	12.3	2.5
1963-01-01	3.2	0.2	46	231.1	9.3	-2.6
1963-02-01	4.8	21.3	48	199.9	10.3	0.2
1963-03-01	7.6	86.7	59	198.8	12.6	3.2
1963-04-01	13.9	76.1	68	193.6	19.1	9.7
1963-05-01	18.4	135.1	74	102.9	22.7	15.2
1963-06-01	21.8	248.2	78	119.4	25.9	18.6
1963-07-01	25.7	65.9	76	151.9	30.1	22.6
1963-08-01	26.6	382.2	77	166.2	30.9	23.6
1963-09-01	21.4	144.2	73	123.1	25.3	18.2
1963-10-01	16.3	294.7	74	135.3	20.4	13
1963-11-01	12.1	90.6	65	164.2	16.7	8.5
1963-12-01	8.1	29.8	59	184.6	13.1	3.5
1964-01-01	5.4	144.6	60	124.6	9.7	1.6
1964-02-01	4.2	64	56	151	8.3	0.7
1964-03-01	7.6	99.7	57	199	12.7	3.1
1964-04-01	15.3	94.2	75	128.4	19.5	11.1
1964-05-01	18.9	80.4	67	209.5	23.9	14.4
1964-06-01	21.5	139.9	73	125.2	25.3	18
1964-07-01	25.5	45.9	80	153.6	29.6	22.1
1964-08-01	27.8	110.8	77	184.3	32.2	24.3
1964-09-01	22.3	132.4	77	89	25.9	19.1
1964-10-01	15.9	130.5	73	143.9	19.6	12.6
1964-11-01	11.1	50.3	62	170.6	15.6	6.7
1964-12-01	7.5	47.5	60	164.1	11.6	3.5
1965-01-01	4.4	48	57	175.4	8.7	0.6
1965-02-01	4.7	10.5	51	193.4	9.2	0.3
1965-03-01	6.9	44.5	48	252.4	11.5	2.6
1965-04-01	11.1	87	55	178.4	15.6	7
1965-05-01	17.2	400	72	189.1	21.2	13.4
1965-06-01	21.6	219.5	77	148.5	25.4	18.5
1965-07-01	24.2	97	80	102.2	27.3	21.4
1965-08-01	26.7	234.5	71	232.2	30.8	23.1
1965-09-01	22.2	204.5	72	128.6	25.7	18.9
1965-10-01	16.9	53	63	199.4	21.1	12.6
1965-11-01	12.7	131.5	61	150.2	17.1	8.6
1965-12-01	7	66	57	153.5	11.1	2.9
1966-01-01	4.6	23.6	46	195.8	9.3	0.1
1966-02-01	7.2	122	51	149.6	11.6	2.6
1966-03-01	9.6	99.9	57	150.4	13.7	5.5
1966-04-01	13.6	133.7	68	132.6	17.7	9.7
1966-05-01	17.9	196.2	62	232.6	22.3	13.4
1966-06-01	20.1	510.2	73	137.3	23.8	16.7
1966-07-01	24.4	160.8	76	112.6	27.9	21.6
1966-08-01	26.9	54.5	71	204.3	30.5	24
1966-09-01	23.2	197.1	73	122.9	26.5	20.2
1966-10-01	18.9	108.5	65	175.7	22.7	15.2
1966-11-01	12.9	29	57	132.8	17.1	8.8
1966-12-01	6.6	8	47	162.2	10.7	2.6
1967-01-01	4.4	32.2	46	194.4	8.8	0.1
1967-02-01	4.9	43.8	57	162.6	8.9	1.1
1967-03-01	9.5	69.7	54	180.8	14	4.7
1967-04-01	14.5	104.7	58	172	18.7	10.1
1967-05-01	20	49.3	62	258.3	24.7	15.7
1967-06-01	23	109.3	67	182.7	27	19.5
1967-07-01	26.3	89.2	73	143.5	30	23.5
1967-08-01	28	67.3	67	160.5	32	24.8
1967-09-01	22.6	148.8	74	98.4	26.1	19.7
1967-10-01	16.9	214.7	66	131.5	20.7	13.3
1967-11-01	12.1	61.4	61	114.1	15.6	8.8
1967-12-01	6.7	32.9	53	187.8	11	2.7
1968-01-01	5.7	9.5	44	219.2	10.5	0.9
1968-02-01	4.3	48	44	205.8	8.8	-0.1
1968-03-01	10	94	56	157.9	14.1	5.8
1968-04-01	14.1	117.5	62	192.1	18.7	10.1
1968-05-01	17.5	185.5	69	182.6	21.6	13.8
1968-06-01	22	175	72	152.9	26.2	18.7
1968-07-01	24.7	136	78	127.4	28	22.1
1968-08-01	26.6	256	79	130.5	30.2	23.4
1968-09-01	21.9	109.5	73	133.9	25.7	18.7
1968-10-01	16.3	152.5	68	101.6	19.8	13.1
1968-11-01	14.1	19.5	56	197.8	18.7	9.5
1968-12-01	10.2	188	59	137.2	13.8	6.9
1969-01-01	5.7	54.5	56	148.4	10	1.4
1969-02-01	5.7	100	60	97.1	9.3	2.1
1969-03-01	7.9	121	58	179.3	12	3.7
1969-04-01	14.6	73	61	178.5	19.2	9.9
1969-05-01	19.6	88.5	61	200.4	23.9	15.6
1969-06-01	21.8	187.5	67	156.4	26	18.2
1969-07-01	25	102	73	138.1	28.7	21.9
1969-08-01	27.2	131.5	74	148.6	31.4	23.8
1969-09-01	22.8	238.5	71	122.4	26.9	19.2
1969-10-01	17.3	146	64	140.4	21	13.5
1969-11-01	12.8	93.5	63	129	16.8	8.9
1969-12-01	7.2	7	51	199.3	11.7	2.5
1970-01-01	4.5	58.5	47	182	8.9	0.4
1970-02-01	6	34.5	51	160.1	10.3	1.7
1970-03-01	5.5	46.5	52	195.8	10	1.3
1970-04-01	13	94	68	130.2	17.3	9
1970-05-01	19.6	161.5	68	194.1	23.8	15.6
1970-06-01	20.7	218	77	90.5	24.1	17.9
1970-07-01	25.4	118.5	75	137	29.1	22.4
1970-08-01	27.4	20.5	69	187.8	31.7	24
1970-09-01	24	86	73	92.9	27.6	21
1970-10-01	17.2	98.5	71	131.5	21.2	13.3
1970-11-01	12.3	144.5	61	156.3	16.5	8.4
1970-12-01	6.8	41	54	132.5	11.1	2.7
1971-01-01	5.1	32	49	181.6	9.2	1.7
1971-02-01	5.9	38	54	148.9	9.8	1.9
1971-03-01	8.3	67.5	53	203.3	12.9	4.1
1971-04-01	13.5	134	64	164.5	17.7	9.4
1971-05-01	17.4	110	70	168.9	21.6	14
1971-06-01	21.3	91.5	73	106	24.8	18.2
1971-07-01	25.8	153.5	75	161.1	29.5	22.7
1971-08-01	26.7	195	72	203.1	30.6	23.7
1971-09-01	21.1	273	77	77.5	24.4	18.4
1971-10-01	15.5	258.5	71	121.1	18.9	12.5
1971-11-01	11.9	30.5	60	154.7	16	7.8
1971-12-01	7.9	55	55	172.4	12	3.8
1972-01-01	6.6	113.5	59	156.4	10.7	2.8
1972-02-01	5.1	142	58	112.6	8.3	2.3
1972-03-01	9.7	44	54	207.7	13.9	5.5
1972-04-01	13.4	186.5	66	181.4	17.4	9.2
1972-05-01	18.6	116	65	207.1	22.7	14.7
1972-06-01	21.4	107	71	155.7	25	18.2
1972-07-01	25.2	301	76	167	28.8	22.6
1972-08-01	26.6	94.5	70	242	30.7	23.3
1972-09-01	23.1	281	70	171.1	27.2	19.9
1972-10-01	18.5	43.5	63	149.4	22.3	14.9
1972-11-01	12.3	43	56	159.7	16.4	8.3
1972-12-01	8.1	155.5	56	161.6	12.1	4.2
1973-01-01	6.3	136	55	177.6	10.3	2.8
1973-02-01	6.9	45	52	162.9	11.4	2.8
1973-03-01	7.8	10	47	207.5	12.4	3.7
1973-04-01	15.3	143	67	163.3	19.8	11.1
1973-05-01	17.9	97.5	63	205.1	22.1	13.8
1973-06-01	19.8	121.5	74	96.3	23.2	17.2
1973-07-01	26.1	49.5	71	225.8	30.2	22.9
1973-08-01	28.5	50	69	226.4	32.7	25.5
1973-09-01	23.2	155	70	154.2	26.7	20
1973-10-01	17.4	237.5	65	151.1	21.4	13.8
1973-11-01	12.1	104.5	53	196.5	16.9	7.6
1973-12-01	6.6	0	40	229	11.5	1.7
1974-01-01	4.4	29	40	229.5	8.9	0.6
1974-02-01	5.1	58.5	55	134.8	9.3	1.4
1974-03-01	7.3	114	57	183.7	11.7	3.6
1974-04-01	14.8	151	62	202.8	19.3	10.6
1974-05-01	19.3	93.5	62	231.5	23.7	15.3
1974-06-01	21.9	204.5	74	137	25.5	18.9
1974-07-01	23.4	270.5	79	108.9	26.9	20.6
1974-08-01	27.1	179	73	198.3	31.1	24.1
1974-09-01	22.8	246.5	72	132.5	26.1	20
1974-10-01	17.8	165	67	99.6	21.1	14.9
1974-11-01	11.7	30.5	54	154.5	15.7	8
1974-12-01	6.7	38.5	56	151.2	10.6	3.1
1975-01-01	4.7	67.5	51	182.7	8.8	0.8
1975-02-01	5.1	75	48	176.4	9.3	1.3
1975-03-01	7.9	108	58	182.3	12.3	4
1975-04-01	14.3	161.5	65	152.4	18.4	10.7
1975-05-01	18.6	151	66	213.1	22.7	14.9
1975-06-01	21.6	106.5	78	82.9	25	18.8
1975-07-01	25.6	175.5	70	189.7	29.4	22.7
1975-08-01	27.3	26.5	67	250.8	31.5	24
1975-09-01	25.2	99.5	67	192.7	29.6	21.7
1975-10-01	17.3	273	69	100.5	20.5	14.4
1975-11-01	12.7	245	67	124	16.3	9.7
1975-12-01	6.7	51.5	57	171.4	10.7	3.1
1976-01-01	5.4	0.5	44	225.2	10.6	0.7
1976-02-01	6.8	128	59	137.3	10.7	2.9
1976-03-01	9	87	59	148.2	13.1	5.1
1976-04-01	13	129	67	120.2	16.7	9.2
1976-05-01	17.7	218	70	174.5	21.9	13.9
1976-06-01	21.5	186	76	83.9	25	18.7
1976-07-01	23.9	102	77	178.8	27.6	20.7
1976-08-01	25.1	159	76	156.6	29.1	21.9
1976-09-01	22	284	74	128.6	25.7	18.9
1976-10-01	17.5	155	66	141.5	21.3	14.1
1976-11-01	11.2	78	59	132.6	15	7.4
1976-12-01	7.3	31	52	173.3	11.5	3.4
1977-01-01	3.4	19.5	48	161.5	7.5	0
1977-02-01	4.9	27	47	188.6	9.4	0.5
1977-03-01	9.3	167	61	141.9	13.3	5.3
1977-04-01	15.1	110.5	62	182.1	19.5	10.7
1977-05-01	18.7	96.5	62	225	23	14.5
1977-06-01	20.9	202.5	76	99.5	24	18.3
1977-07-01	25.8	91	72	204.3	29.8	22.5
1977-08-01	25	290.5	77	100.8	28.4	22.3
1977-09-01	24.3	233.5	72	133	27.7	21.4
1977-10-01	18.7	60	67	173.9	22.6	15.2
1977-11-01	14.8	102.5	65	136.5	18.4	11.4
1977-12-01	8.9	53.5	55	177.4	13.3	5
1978-01-01	5.6	28	50	160	9.7	1.7
1978-02-01	4.2	32	49	157.7	8.4	0.6
1978-03-01	8.7	115.5	52	193.1	13.1	4.8
1978-04-01	13.9	186.5	61	163.9	17.8	10.2
1978-05-01	19	130	68	167.2	22.7	15.7
1978-06-01	23.8	104	71	192.6	27.5	20.8
1978-07-01	27.8	45	72	217.1	31.5	24.9
1978-08-01	28.9	26	66	255.6	33	25.6
1978-09-01	22.2	124	73	102.2	25.3	19.5
1978-10-01	17.3	147	67	132.9	21.1	13.7
1978-11-01	12.9	65	60	160.2	16.5	9.3
1978-12-01	8.5	27	54	154.7	12.8	4.5
1979-01-01	6.6	59	53	179.5	10.9	2.4
1979-02-01	8.4	96	58	164.6	12.5	4.9
1979-03-01	9.9	92	51	190.2	13.8	5.8
1979-04-01	13.9	109.5	59	161.3	17.7	10.3
1979-05-01	18.6	148.5	61	230.6	22.5	15
1979-06-01	24.4	63	69	217.9	27.9	21.3
1979-07-01	25.2	88.5	72	143.1	28.5	22.4
1979-08-01	27.4	104.5	72	156	31	24.6
1979-09-01	24.1	146.5	71	119.1	27.3	21.2
1979-10-01	19.6	320.5	67	149.3	23	16.3
1979-11-01	14.3	182.5	67	102.9	17.6	11.1
1979-12-01	10.1	43	54	186.2	13.9	6.4
1980-01-01	5.6	88.5	52	182	10	1.7
1980-02-01	5.2	26	44	206.1	9.2	1.3
1980-03-01	8.2	173.5	54	157.5	12	4.9
1980-04-01	13.6	107	63	156.6	17.6	9.9
1980-05-01	19.2	154.5	67	204.2	23.4	15.2
1980-06-01	23.6	172.5	72	146.7	27	20.9
1980-07-01	23.8	202	79	95	27.4	21.1
1980-08-01	23.4	168.5	77	105.3	26.6	20.7
1980-09-01	23	181.5	73	125.2	26.1	20.3
1980-10-01	18.2	136	64	160	21.9	14.8
1980-11-01	13	133.5	61	149.6	16.8	9.2
1980-12-01	7.7	34	51	213.2	11.9	3.8
1981-01-01	4.4	3.5	44	233.4	8.5	0.6
1981-02-01	5.3	38	51	157.3	9.2	1.9
1981-03-01	9	113	58	192.6	13	5.2
1981-04-01	13.9	166	57	207.5	18	9.5
1981-05-01	17.5	151.5	64	182.6	21.4	13.5
1981-06-01	20.2	103	76	83.2	23.6	17.2
1981-07-01	26.3	167	75	181.3	30	23.4
1981-08-01	26.2	133	71	190.7	30	23.4
1981-09-01	21.8	138.5	71	140	25.2	18.7
1981-10-01	17.6	343.5	63	161.2	21.1	14.4
1981-11-01	10.4	99	61	130.6	13.9	7.2
1981-12-01	7.6	7.5	51	206.6	11.7	3.8
1982-01-01	5.8	32.5	51	194	9.7	2.2
1982-02-01	5.5	51.5	49	168	9.3	1.8
1982-03-01	9.9	73	56	177.8	14	5.9
1982-04-01	14	134	62	177.5	17.8	10
1982-05-01	20.7	85.5	67	243.7	24.7	16.8
1982-06-01	21.4	224.5	72	152.6	24.9	18.2
1982-07-01	23.1	140	76	102.3	26.1	20.4
1982-08-01	27.1	152.5	75	170.1	30.2	24.6
1982-09-01	22.3	371.5	73	104.3	25.6	19.8
1982-10-01	18	159.5	67	171.6	21.6	14.6
1982-11-01	14.3	136	65	118.8	17.6	11.3
1982-12-01	9.5	15	58	156.1	13	5.7
1983-01-01	6.2	29.5	51	205	10.2	2.5
1983-02-01	6.1	50.5	50	202.9	10.2	2.4
1983-03-01	8.6	99	59	176	12.1	5.2
1983-04-01	15.9	114.5	69	176.6	20.3	12.1
1983-05-01	19.7	105.5	64	241.5	23.7	15.7
1983-06-01	20.5	198	72	162.7	24.2	17.1
1983-07-01	23.8	141.5	79	119.4	27.1	21.2
1983-08-01	27.5	168.5	76	163.7	31	24.6
1983-09-01	23.1	242.5	77	92.8	26.1	20.9
1983-10-01	17.7	130	66	141.6	21.2	14.3
1983-11-01	12.3	53.5	59	181.8	16.3	8.6
1983-12-01	7.1	7.5	48	217.1	11.1	3.3
1984-01-01	3.7	50	51	208.8	7.5	0.2
1984-02-01	3	51	52	182.5	6.3	0
1984-03-01	5.9	69	56	205.7	10.2	2
1984-04-01	11.6	64	65	168.2	16	7.9
1984-05-01	17.2	77.5	69	172.2	21.2	14
1984-06-01	21.8	202	79	113.2	24.9	19.2
1984-07-01	26.2	81.5	78	180.1	30	23.2
1984-08-01	28.6	31.5	70	252.3	32.4	25.7
1984-09-01	23.5	61	72	146.9	27.1	20.3
1984-10-01	17.7	73.5	64	145.9	21.2	14.6
1984-11-01	12.2	50.5	60	148.7	15.9	8.5
1984-12-01	7.7	68	57	163.3	11.5	4
1985-01-01	4.1	4.5	48	200.9	8.1	0.5
1985-02-01	6.5	142	58	153.2	10.2	3.1
1985-03-01	7.8	134.5	72	74	11.2	4.8
1985-04-01	14.2	201.5	69	183.8	18.3	10.3
1985-05-01	19.1	89.5	67	201.8	23	15.7
1985-06-01	20.2	381	77	104.3	23.1	17.4
1985-07-01	26.3	115	76	194.8	30.2	23.3
1985-08-01	27.9	146	74	257.8	31.6	25.1
1985-09-01	23.1	106	76	101.9	26.1	20.4
1985-10-01	17.9	92.5	66	149.4	21.5	14.6
1985-11-01	13.3	85.5	62	173.5	17.1	9.1
1985-12-01	7.4	18.5	55	202.9	11.4	3.4
1986-01-01	4.5	15	47	185.7	8.2	1
1986-02-01	4.3	27.5	49	181.6	7.9	0.8
1986-03-01	7.8	188	59	161.5	11.8	3.9
1986-04-01	13.9	88	63	175.2	18	10
1986-05-01	17.9	210	69	194.2	21.6	14.4
1986-06-01	21.1	138	74	158.1	24.4	18.3
1986-07-01	23.9	137	81	109.1	27.2	21.2
1986-08-01	26.8	233.5	74	199.8	30.4	24.1
1986-09-01	23.7	190.5	78	113.9	26.8	21
1986-10-01	17.1	74	66	155.9	20.5	13.6
1986-11-01	12.3	41	61	126	15.6	9
1986-12-01	8.5	115.5	57	163.8	12.2	4.9
1987-01-01	5.8	38	51	181.4	10	1.9
1987-02-01	6.8	29.5	55	159.2	10.7	3
1987-03-01	9.3	94	59	149.1	13.2	5.1
1987-04-01	14.4	42.5	59	199.4	18.4	10.3
1987-05-01	19.3	65	64	172.6	23.1	15.4
1987-06-01	22.1	120.5	67	193.3	25.7	18.8
1987-07-01	27	146.5	72	177.6	30.6	24.1
1987-08-01	27.3	45.5	73	159.2	30.8	24.3
1987-09-01	23.3	214.5	72	104.1	26.3	20.7
1987-10-01	18.9	193	69	145.3	22.2	15.9
1987-11-01	12.8	39.5	61	122.5	16.2	9.6
1987-12-01	8.1	60.5	60	166.7	12.4	4.1
1988-01-01	7.7	28	52	197	11.7	3.7
1988-02-01	4.9	17.5	46	178.3	8.9	1.1
1988-03-01	8.4	185	59	129.8	11.9	4.6
1988-04-01	14.3	107.5	60	183.3	18.1	10.2
1988-05-01	18.2	144	62	178.3	22.1	14.4
1988-06-01	22.3	198	72	122.6	25.5	19.4
1988-07-01	22.4	158	77	61.8	25.2	20.1
1988-08-01	27	341.5	76	143.7	30.2	24.4
1988-09-01	22.8	251.5	78	39.2	25.2	20.7
1988-10-01	17.5	58.5	60	152.1	20.8	14.4
1988-11-01	11.4	26	56	205.8	15.6	7.2
1988-12-01	8.4	0	47	213.8	12.5	4.5
1989-01-01	8.1	95	55	152.6	11.4	4.8
1989-02-01	7.5	107	56	135.5	11.1	4.3
1989-03-01	9.6	118	57	176.4	13.6	5.8
1989-04-01	15.6	187	57	218.4	19.6	11.6
1989-05-01	17.7	210	70	131.6	21.5	14.2
1989-06-01	20.7	205	71	134.6	23.8	17.8
1989-07-01	24.1	154	76	118.6	27.4	21.5
1989-08-01	27.1	360.5	72	191.5	30.5	24.5
1989-09-01	25.2	204	71	115.1	28.4	22.5
1989-10-01	17.5	197	66	134.3	20.7	14.5
1989-11-01	14.2	71	61	145.2	17.7	10.8
1989-12-01	9.2	29	51	178.9	12.8	5.7
1990-01-01	5	32.5	50	179.3	8.8	1.7
1990-02-01	7.8	116.5	67	81.6	10.5	5.1
1990-03-01	10.6	97.5	49	200.4	14.4	7
1990-04-01	14.7	137.5	59	155.4	18.6	10.8
1990-05-01	19.2	120.5	60	174.6	23.1	15.8
1990-06-01	23.5	68	68	133.4	27	20.8
1990-07-01	25.7	51	71	143.8	29.2	22.8
1990-08-01	28.6	181.5	68	230.2	32.4	25.7
1990-09-01	24.8	287	70	140.2	28.1	21.9
1990-10-01	19.2	148.5	66	137.6	22.4	16
1990-11-01	15.1	234	64	166.9	19	11.4
1990-12-01	10	38	49	197.3	13.6	6.3
1991-01-01	6.3	55	48	210.6	10.1	2.8
1991-02-01	6.5	69	45	199.3	10.5	2.5
1991-03-01	9.5	164	63	115.8	13.1	6.2
1991-04-01	15.4	112.5	64	150.7	18.8	11.9
1991-05-01	18.8	61	63	204	22.7	15.2
1991-06-01	23.6	142	73	127.7	26.9	20.8
1991-07-01	26.7	72	70	136.4	30.1	23.5
1991-08-01	25.5	238	72	138.4	29.1	22.6
1991-09-01	23.9	445.5	76	85.6	26.9	21.4
1991-10-01	18.1	533	74	74.8	20.7	15.9
1991-11-01	13	114	59	145.8	16.4	9.9
1991-12-01	9.2	36	59	143.9	12.7	5.7
1992-01-01	6.8	50	56	183.2	10.5	3.2
1992-02-01	6.9	36	49	166.4	10.8	3.1
1992-03-01	9.7	205	66	98.8	13.1	6.5
1992-04-01	15.1	167.5	61	172.5	19.1	11.1
1992-05-01	17.3	134	64	162.4	21.1	13.8
1992-06-01	20.6	237	71	113	23.7	17.8
1992-07-01	25.5	111.5	72	153.6	29.2	22.4
1992-08-01	27	9	70	184.7	30.4	24.3
1992-09-01	23.3	108	62	161.7	26.9	20.3
1992-10-01	17.3	328	71	115.6	20.5	14.3
1992-11-01	13	168	63	146.6	16.9	9.6
1992-12-01	9.4	65.5	52	164.9	12.9	6.1
1993-01-01	6.2	115	59	130	9.1	3.3
1993-02-01	7.7	57	47	195.7	11.8	3.8
1993-03-01	8.7	60.5	54	187.7	12.5	5
1993-04-01	13.4	58	54	183	17.8	9.1
1993-05-01	18.1	65.5	61	192.2	22.3	14.2
1993-06-01	21.7	260	74	110.9	25	19
1993-07-01	22.5	316.5	80	75.2	25.3	20
1993-08-01	24.8	412	76	102.2	28	22.3
1993-09-01	22.9	140	72	90.8	25.8	20.2
1993-10-01	17.5	156	63	143.5	20.8	14.4
1993-11-01	14.1	167	60	147.5	17.7	10.9
1993-12-01	8.5	65	55	153.2	12.3	5.3
1994-01-01	5.5	50	55	173.6	9.1	2.1
1994-02-01	6.6	88.5	45	206.2	10.6	3
1994-03-01	8.1	114.5	55	158.1	11.6	4.8
1994-04-01	15.8	49	57	209.5	19.8	11.4
1994-05-01	19.5	133.5	63	194.6	23.4	15.9
1994-06-01	22.4	144.5	71	136.2	26	19.1
1994-07-01	28.3	93.5	69	202.9	31.8	25.3
1994-08-01	28.9	92.5	68	239.9	32.9	25.9
1994-09-01	24.8	235	74	131.8	28.1	22
1994-10-01	20.2	57	68	76.5	23	17.5
1994-11-01	13.4	50.5	60	167	17.1	9.8
1994-12-01	9	23	53	167.3	12.8	5.2
1995-01-01	6.3	36	45	224.2	10.2	2.5
1995-02-01	6.5	27	49	179.3	10.1	2.9
1995-03-01	8.9	180	63	134.4	13	5.3
1995-04-01	15	99.5	56	158.5	19.1	11.5
1995-05-01	19.1	204.5	68	147.6	22.7	16.1
1995-06-01	20.4	185.5	77	62.6	23.5	17.8
1995-07-01	26.4	171	75	137.1	29.6	23.7
1995-08-01	29.4	31	68	248.7	33.7	26.1
1995-09-01	23.7	164.5	65	149	27.4	20.7
1995-10-01	19.5	79	63	148	23	16.5
1995-11-01	12.7	42	48	203.4	16.7	8.7
1995-12-01	7.7	0	42	235.3	12.1	3.9
1996-01-01	6.6	13	47	197.8	10.4	2.9
1996-02-01	5.4	45	48	186.8	9.4	1.7
1996-03-01	9.2	118	53	162.5	13.1	5.5
1996-04-01	12.7	111	55	204.8	17	8.5
1996-05-01	18.1	128	65	183.7	22	14.6
1996-06-01	22.6	36	72	117.8	26.4	19.5
1996-07-01	26.2	253.5	74	199.6	30	23.1
1996-08-01	26	31.5	72	149.1	30	23
1996-09-01	22.4	382	72	139	26.3	19.4
1996-10-01	18	83.5	70	139.9	21.7	14.5
1996-11-01	13.2	84	65	115.4	16.7	10.1
1996-12-01	9.3	48	55	187.8	13.6	5.3
1997-01-01	6.8	29	47	236.6	11.3	2.7
1997-02-01	7	21.5	47	191.6	11.2	3.1
1997-03-01	10.5	106	56	181.9	14.7	6.8
1997-04-01	15.2	105.5	60	184.3	19.2	11.4
1997-05-01	19.2	186	69	162.7	23.2	15.6
1997-06-01	22.7	170.5	72	160.6	26.6	19.3
1997-07-01	26.6	185	72	191.9	30.7	23.4
1997-08-01	27	144	73	176.1	30.7	23.9
1997-09-01	22.9	204	75	91.7	26.4	20.1
1997-10-01	18.7	19	60	192.6	22.8	14.8
1997-11-01	14.3	91	63	140.8	18.1	11
1997-12-01	9.2	40.5	56	153.1	12.4	5.8
1998-01-01	5.3	122	59	162.5	9.3	1.9
1998-02-01	7	110.5	60	150.4	11.3	3.6
1998-03-01	10.1	108	57	191.5	14.4	5.9
1998-04-01	16.3	188	76	108.8	20.1	12.9
1998-05-01	20.5	140.5	71	132.5	24.6	16.7
1998-06-01	21.5	150.5	76	73.1	24.6	18.5
1998-07-01	25.3	156.5	76	113.6	29	22.6
1998-08-01	27.2	143.5	78	91.7	31	24.4
1998-09-01	24.4	229	77	83.8	27.7	21.9
1998-10-01	20.1	142.5	71	117.2	23.5	17.1
1998-11-01	13.9	7.5	55	157.9	17.7	10.3
1998-12-01	9	48	57	152.4	12.6	5.5
1999-01-01	6.6	19.5	44	217	10.8	2.5
1999-02-01	6.7	35.5	44	200.9	11.2	2.5
1999-03-01	10.1	144.5	62	119	13.7	6.3
1999-04-01	15	205	66	146.3	18.7	11.5
1999-05-01	19.9	103.5	64	184	24	16.4
1999-06-01	22.8	192.5	73	135.8	26.5	19.8
1999-07-01	25.9	342	76	169	29.9	23
1999-08-01	28.5	301	74	204	32.3	25.8
1999-09-01	26.2	91	71	130.3	29.6	23.3
1999-10-01	19.5	87.5	62	158.4	23	16.1
1999-11-01	14.2	93	60	157.1	17.8	10.7
1999-12-01	9	7	47	186.3	12.7	5.1
2000-01-01	7.6	66.5	51	153.8	11.2	4.2
2000-02-01	6	4	38	207.7	9.9	2.4
2000-03-01	9.4	85.5	44	207.9	13.5	5.2
2000-04-01	14.5	151.5	55	174.9	18.7	10.7
2000-05-01	19.8	109	68	184	24	16.5
2000-06-01	22.5	232	74	129.8	26.1	19.5
2000-07-01	27.7	373.5	70	210.2	31.6	24.5
2000-08-01	28.3	162	69	185.7	32.4	25.4
2000-09-01	25.6	164	69	128.9	28.9	22.7
2000-10-01	18.8	142.5	67	97.7	21.9	16.2
2000-11-01	13.3	106	63	109.7	16.7	10.5
2000-12-01	8.8	6.5	46	172.2	12.6	5.2
2001-01-01	4.9	126.5	47	178.8	8.6	1.7
2001-02-01	6.6	23	48	153	10.7	2.8
2001-03-01	9.8	107.5	51	180.1	14.4	5.7
2001-04-01	15.7	40.5	56	219.5	20.4	11.3
2001-05-01	19.5	170.5	69	160.6	23	16.4
2001-06-01	23.1	144.5	70	107.8	26.6	20.3
2001-07-01	28.5	41.5	63	259.2	33	25.2
2001-08-01	26.4	136.5	71	94	30	23.6
2001-09-01	23.2	204	68	109.4	26.4	20.4
2001-10-01	18.7	343	62	154.6	22.5	15.5
2001-11-01	13.1	123.5	55	169.6	16.7	9.5
2001-12-01	8.4	30	46	189.9	12	4.9
2002-01-01	7.4	98.5	46	201.9	11.5	3.4
2002-02-01	7.9	25	48	163.5	11.9	4.4
2002-03-01	12.2	82	49	191.3	16.5	8.1
2002-04-01	16.1	58	57	164.2	20.3	12.4
2002-05-01	18.4	112.5	64	153	22.3	15.3
2002-06-01	21.6	151.5	69	123.3	25.3	18.6
2002-07-01	28	124	70	189.5	31.7	25.1
2002-08-01	28	120	66	231	32.1	24.8
2002-09-01	23.1	207	69	117.3	26.2	20.4
2002-10-01	19	194	62	183.4	22.6	15.5
2002-11-01	11.6	27.5	50	140.9	15.2	8.2
2002-12-01	7.2	94.5	57	130.7	10.4	4.1
2003-01-01	5.5	101	46	208	9.3	2
2003-02-01	6.4	53.5	52	154	9.9	3.2
2003-03-01	8.7	159.5	49	203.8	12.7	5.1
2003-04-01	15.1	121	61	162.6	19.2	11.5
2003-05-01	18.8	172.5	65	145.6	22.4	15.5
2003-06-01	23.2	85	69	103.6	26.6	20.2
2003-07-01	22.8	187.5	75	48.2	26	20.1
2003-08-01	26	370	73	130.3	29.5	23.1
2003-09-01	24.2	150	66	160.2	28.1	21
2003-10-01	17.8	171.5	59	137.6	21.4	14.6
2003-11-01	14.4	229.5	67	87.9	17.4	11.5
2003-12-01	9.2	53	50	181.4	13.2	5.7
2004-01-01	6.3	3.5	43	203.6	10.1	3.1
2004-02-01	8.5	20	45	218.3	12.9	4.3
2004-03-01	9.8	129.5	53	170.9	14	5.7
2004-04-01	16.4	69.5	51	235.4	21.3	11.7
2004-05-01	19.6	149	67	139.9	23.7	16.1
2004-06-01	23.7	112.5	66	170.6	27.5	20.3
2004-07-01	28.5	23.5	62	232.2	33.1	25
2004-08-01	27.2	79.5	65	177.8	31	24.1
2004-09-01	25.1	195	68	140	28.7	22.2
2004-10-01	17.5	780	69	116.8	20.7	14.8
2004-11-01	15.6	108.5	60	160.9	19	12.7
2004-12-01	9.9	79.5	49	166.3	13.4	6.6
2005-01-01	6.1	77	47	200	10	2.6
2005-02-01	6.2	48	45	148.9	9.9	2.5
2005-03-01	9	71	49	175.1	13.1	5
2005-04-01	15.1	81	54	216.1	19.6	10.7
2005-05-01	17.7	180.5	58	172.3	21.9	14.1
2005-06-01	23.2	170.5	70	119.3	26.7	20.2
2005-07-01	25.6	247.5	71	103.9	29.1	22.6
2005-08-01	28.1	189.5	68	159.9	31.8	25.1
2005-09-01	24.7	177.5	67	154.2	28.2	21.8
2005-10-01	19.2	201.5	69	108.3	22.3	16.6
2005-11-01	13.3	34.5	52	194.6	17	9.6
2005-12-01	6.4	3.5	39	212.4	10.2	2.9
2006-01-01	5.1	67	44	169.9	8.5	2
2006-02-01	6.7	113	53	128.5	10.5	3.3
2006-03-01	9.8	79.5	48	176.2	14	5.9
2006-04-01	13.6	123	57	147	17.5	10.1
2006-05-01	19	99	65	136.7	22.7	15.7
2006-06-01	22.5	138.5	71	79.5	25.4	20.1
2006-07-01	25.6	165	74	59.2	28.6	23.3
2006-08-01	27.5	126	69	160.6	31.1	24.8
2006-09-01	23.5	175.5	68	103.5	27.1	20.7
2006-10-01	19.5	318	66	137.8	22.9	16.7
2006-11-01	14.4	135	59	147.5	17.9	11
2006-12-01	9.5	200.5	52	141.4	12.5	6.7
2007-01-01	7.6	42	45	175.6	10.9	4.6
2007-02-01	8.6	57	45	193.6	12.8	5
2007-03-01	10.8	77	44	195	15	6.8
2007-04-01	13.7	134	59	151	17.9	9.9
2007-05-01	19.8	115.5	58	226.4	24	16
2007-06-01	23.2	80	66	187.2	27.1	20
2007-07-01	24.4	253	74	80.6	27.4	21.8
2007-08-01	29	9.5	66	227.9	33	25.9
2007-09-01	25.2	319.5	71	121.3	28.5	22.4
2007-10-01	19	135.5	63	119.8	22.2	16.1
2007-11-01	13.3	37	56	148.8	16.6	10.2
2007-12-01	9	72	54	168.8	12.6	5.6
2008-01-01	5.9	17.5	45	164.8	9.4	2.7
2008-02-01	5.5	57	41	214.8	9.6	1.9
2008-03-01	10.7	119.5	52	187.2	14.9	7.2
2008-04-01	14.7	240	59	150	18.4	11.4
2008-05-01	18.5	255	65	136.9	22	15.4
2008-06-01	21.3	225.5	72	106.9	24.6	18.4
2008-07-01	27	48	71	168.4	30.9	24.2
2008-08-01	26.8	387.5	74	130	30.7	24.1
2008-09-01	24.4	158.5	69	124.1	27.7	21.7
2008-10-01	19.4	204.5	66	141	22.6	16.4
2008-11-01	13.1	74	56	142.9	16.4	10
2008-12-01	9.8	70.5	53	190.8	13.7	6
2009-01-01	6.8	142	48	174.7	10.2	3.5
2009-02-01	7.8	46.5	50	131.2	11.5	4.4
2009-03-01	10	98.5	48	162.9	13.7	6.3
2009-04-01	15.7	162.5	54	226.7	20.2	11.9
2009-05-01	20.1	242	64	154.6	23.6	16.9
2009-06-01	22.5	226	72	98.8	25.8	19.8
2009-07-01	26.3	78.5	72	103.5	29.3	23.5
2009-08-01	26.6	242	69	136.1	30.1	23.8
2009-09-01	23	53	64	136.5	26.5	20.2
2009-10-01	19	276.5	64	153.3	22.3	16
2009-11-01	13.5	151.5	63	124	17	10.1
2009-12-01	9	82.5	51	181	12.4	6.2
2010-01-01	7	9	41	221.9	11	3
2010-02-01	6.5	115	60	118.3	9.9	3
2010-03-01	9.1	143.5	61	139.8	13.2	5.1
2010-04-01	12.4	214	62	139.9	16.6	8.6
2010-05-01	19	114	60	198.8	23	15.4
2010-06-01	23.6	108	67	162.5	27.5	20.5
2010-07-01	28	70	70	182.7	31.6	25
2010-08-01	29.6	27	67	222.6	33.5	27
2010-09-01	25.1	428	68	165.3	29	22.3
2010-10-01	18.9	211	68	81.4	21.8	16.5
2010-11-01	13.5	94.5	56	158.9	17.2	10
2010-12-01	9.9	145.5	50	194.9	13.7	6.2
2011-01-01	5.1	3.5	36	243.9	9.1	1.5
2011-02-01	7	151	52	148.9	11.2	3.2
2011-03-01	8.1	74	47	214.8	12.3	4
2011-04-01	14.5	96	50	204	18.9	10.3
2011-05-01	18.5	213.5	63	146.3	22.2	15
2011-06-01	22.8	116.5	71	105.1	26	19.9
2011-07-01	27.3	54.5	67	186.2	30.9	24.5
2011-08-01	27.5	244	71	168.9	31.2	24.6
2011-09-01	25.1	235	68	165.8	28.8	22
2011-10-01	19.5	119.5	61	141.3	23	16.5
2011-11-01	14.9	112.5	58	143.4	18.3	11.7
2011-12-01	7.5	59.5	48	187.6	11.1	4.2
2012-01-01	4.8	50	43	183	8.3	1.8
2012-02-01	5.4	94	49	148.6	9.1	2.2
2012-03-01	8.8	144.5	59	149.7	12.5	5.3
2012-04-01	14.5	118.5	63	162.4	18.5	11
2012-05-01	19.6	231	65	195.4	23.6	16.1
2012-06-01	21.4	185	73	125.3	24.8	18.6
2012-07-01	26.4	130	75	181.3	30.1	23.5
2012-08-01	29.1	25	69	236	33.1	26.3
2012-09-01	26.2	214.5	73	164.4	29.8	23.3
2012-10-01	19.4	154.5	65	156.6	23	16.2
2012-11-01	12.7	154	58	153.3	16.3	9.6
2012-12-01	7.3	69	52	166.9	11.2	3.8
2013-01-01	5.5	70	47	212.5	9.6	1.8
2013-02-01	6.2	30	48	173.7	10.3	2.7
2013-03-01	12.1	44.5	55	190.1	16.4	7.9
2013-04-01	15.2	283	55	196	19.2	10.8
2013-05-01	19.8	56	61	227.1	24.1	16
2013-06-01	22.9	159	74	123.9	26.5	20
2013-07-01	27.3	115.5	73	163.4	31.4	24.2
2013-08-01	29.2	99	70	210.6	33.2	26
2013-09-01	25.2	231.5	69	164.2	28.8	21.8
2013-10-01	19.8	440	72	110.4	23	17
2013-11-01	13.5	26	55	177.4	17.4	9.8
2013-12-01	8.3	59.5	52	181.8	12.1	4.9
2014-01-01	6.3	24.5	45	204.1	10.6	2.5
2014-02-01	5.9	157.5	52	139.8	9.8	2.8
2014-03-01	10.4	113.5	52	205	14.5	6.7
2014-04-01	15	155	56	218.3	19.6	11
2014-05-01	20.3	135.5	62	236.5	24.7	16.7
2014-06-01	23.4	311	75	143	26.9	20.7
2014-07-01	26.8	105.5	74	175.6	30.5	23.9
2014-08-01	27.7	105	74	180.9	31.2	24.8
2014-09-01	23.2	155.5	68	145.8	26.9	20.1
2014-10-01	19.1	384.5	67	135.2	23	16
2014-11-01	14.2	98.5	63	134.6	17.4	11.3
2014-12-01	6.7	62	55	185.2	11	2.8
2015-01-01	5.8	92.5	52	182	10.4	1.8
2015-02-01	5.7	62	59	166.9	10.4	1.9
2015-03-01	10.3	94	57	194.2	15.5	5.8
2015-04-01	14.5	129	71	149.5	19.3	10.1
2015-05-01	21.1	88	62	240.6	26.4	16.6
2015-06-01	22.1	195.5	75	137.3	26.4	18.6
2015-07-01	26.2	234.5	80	181.8	30.1	23.2
2015-08-01	30.2	0	72	30.5	35.1	26.3
